run_id	command
run_007	python cvpr_train_behavior_lengths.py --model clip_hba --perturb_type random_target --perturb_epoch 2 --perturb_length 5 --perturb_distribution target --perturb_seed 1 --output_dir random_target_e2_l5 --cuda 0 --random_seed 2 --baseline_dora_directory /data/p_dsi/dhungs1/baseline_runs/clip_hba_behavior_seed2/training_artifacts/dora_params/dora_params_seed2 --baseline_random_state_path /data/p_dsi/dhungs1/baseline_runs/clip_hba_behavior_seed2/training_artifacts/random_states/random_states_seed2 --baseline_split_indices_path /data/p_dsi/dhungs1/baseline_runs/clip_hba_behavior_seed2/training_artifacts/random_states/random_states_seed2/dataset_split_indices.pth --output_base_directory /data/p_dsi/dhungs1/perturbation_length_experiments/perturb_length_experiments_baselineseed2_perturbseed1
run_008	python cvpr_train_behavior_lengths.py --model clip_hba --perturb_type random_target --perturb_epoch 2 --perturb_length 10 --perturb_distribution target --perturb_seed 1 --output_dir random_target_e2_l10 --cuda 0 --random_seed 2 --baseline_dora_directory /data/p_dsi/dhungs1/baseline_runs/clip_hba_behavior_seed2/training_artifacts/dora_params/dora_params_seed2 --baseline_random_state_path /data/p_dsi/dhungs1/baseline_runs/clip_hba_behavior_seed2/training_artifacts/random_states/random_states_seed2 --baseline_split_indices_path /data/p_dsi/dhungs1/baseline_runs/clip_hba_behavior_seed2/training_artifacts/random_states/random_states_seed2/dataset_split_indices.pth --output_base_directory /data/p_dsi/dhungs1/perturbation_length_experiments/perturb_length_experiments_baselineseed2_perturbseed1
run_009	python cvpr_train_behavior_lengths.py --model clip_hba --perturb_type random_target --perturb_epoch 2 --perturb_length 20 --perturb_distribution target --perturb_seed 1 --output_dir random_target_e2_l20 --cuda 0 --random_seed 2 --baseline_dora_directory /data/p_dsi/dhungs1/baseline_runs/clip_hba_behavior_seed2/training_artifacts/dora_params/dora_params_seed2 --baseline_random_state_path /data/p_dsi/dhungs1/baseline_runs/clip_hba_behavior_seed2/training_artifacts/random_states/random_states_seed2 --baseline_split_indices_path /data/p_dsi/dhungs1/baseline_runs/clip_hba_behavior_seed2/training_artifacts/random_states/random_states_seed2/dataset_split_indices.pth --output_base_directory /data/p_dsi/dhungs1/perturbation_length_experiments/perturb_length_experiments_baselineseed2_perturbseed1
run_010	python cvpr_train_behavior_lengths.py --model clip_hba --perturb_type random_target --perturb_epoch 2 --perturb_length 30 --perturb_distribution target --perturb_seed 1 --output_dir random_target_e2_l30 --cuda 0 --random_seed 2 --baseline_dora_directory /data/p_dsi/dhungs1/baseline_runs/clip_hba_behavior_seed2/training_artifacts/dora_params/dora_params_seed2 --baseline_random_state_path /data/p_dsi/dhungs1/baseline_runs/clip_hba_behavior_seed2/training_artifacts/random_states/random_states_seed2 --baseline_split_indices_path /data/p_dsi/dhungs1/baseline_runs/clip_hba_behavior_seed2/training_artifacts/random_states/random_states_seed2/dataset_split_indices.pth --output_base_directory /data/p_dsi/dhungs1/perturbation_length_experiments/perturb_length_experiments_baselineseed2_perturbseed1
run_011	python cvpr_train_behavior_lengths.py --model clip_hba --perturb_type random_target --perturb_epoch 2 --perturb_length 40 --perturb_distribution target --perturb_seed 1 --output_dir random_target_e2_l40 --cuda 0 --random_seed 2 --baseline_dora_directory /data/p_dsi/dhungs1/baseline_runs/clip_hba_behavior_seed2/training_artifacts/dora_params/dora_params_seed2 --baseline_random_state_path /data/p_dsi/dhungs1/baseline_runs/clip_hba_behavior_seed2/training_artifacts/random_states/random_states_seed2 --baseline_split_indices_path /data/p_dsi/dhungs1/baseline_runs/clip_hba_behavior_seed2/training_artifacts/random_states/random_states_seed2/dataset_split_indices.pth --output_base_directory /data/p_dsi/dhungs1/perturbation_length_experiments/perturb_length_experiments_baselineseed2_perturbseed1
run_012	python cvpr_train_behavior_lengths.py --model clip_hba --perturb_type random_target --perturb_epoch 2 --perturb_length 50 --perturb_distribution target --perturb_seed 1 --output_dir random_target_e2_l50 --cuda 0 --random_seed 2 --baseline_dora_directory /data/p_dsi/dhungs1/baseline_runs/clip_hba_behavior_seed2/training_artifacts/dora_params/dora_params_seed2 --baseline_random_state_path /data/p_dsi/dhungs1/baseline_runs/clip_hba_behavior_seed2/training_artifacts/random_states/random_states_seed2 --baseline_split_indices_path /data/p_dsi/dhungs1/baseline_runs/clip_hba_behavior_seed2/training_artifacts/random_states/random_states_seed2/dataset_split_indices.pth --output_base_directory /data/p_dsi/dhungs1/perturbation_length_experiments/perturb_length_experiments_baselineseed2_perturbseed1
run_013	python cvpr_train_behavior_lengths.py --model clip_hba --perturb_type random_target --perturb_epoch 3 --perturb_length 5 --perturb_distribution target --perturb_seed 1 --output_dir random_target_e3_l5 --cuda 0 --random_seed 2 --baseline_dora_directory /data/p_dsi/dhungs1/baseline_runs/clip_hba_behavior_seed2/training_artifacts/dora_params/dora_params_seed2 --baseline_random_state_path /data/p_dsi/dhungs1/baseline_runs/clip_hba_behavior_seed2/training_artifacts/random_states/random_states_seed2 --baseline_split_indices_path /data/p_dsi/dhungs1/baseline_runs/clip_hba_behavior_seed2/training_artifacts/random_states/random_states_seed2/dataset_split_indices.pth --output_base_directory /data/p_dsi/dhungs1/perturbation_length_experiments/perturb_length_experiments_baselineseed2_perturbseed1
run_014	python cvpr_train_behavior_lengths.py --model clip_hba --perturb_type random_target --perturb_epoch 3 --perturb_length 10 --perturb_distribution target --perturb_seed 1 --output_dir random_target_e3_l10 --cuda 0 --random_seed 2 --baseline_dora_directory /data/p_dsi/dhungs1/baseline_runs/clip_hba_behavior_seed2/training_artifacts/dora_params/dora_params_seed2 --baseline_random_state_path /data/p_dsi/dhungs1/baseline_runs/clip_hba_behavior_seed2/training_artifacts/random_states/random_states_seed2 --baseline_split_indices_path /data/p_dsi/dhungs1/baseline_runs/clip_hba_behavior_seed2/training_artifacts/random_states/random_states_seed2/dataset_split_indices.pth --output_base_directory /data/p_dsi/dhungs1/perturbation_length_experiments/perturb_length_experiments_baselineseed2_perturbseed1
run_015	python cvpr_train_behavior_lengths.py --model clip_hba --perturb_type random_target --perturb_epoch 3 --perturb_length 20 --perturb_distribution target --perturb_seed 1 --output_dir random_target_e3_l20 --cuda 0 --random_seed 2 --baseline_dora_directory /data/p_dsi/dhungs1/baseline_runs/clip_hba_behavior_seed2/training_artifacts/dora_params/dora_params_seed2 --baseline_random_state_path /data/p_dsi/dhungs1/baseline_runs/clip_hba_behavior_seed2/training_artifacts/random_states/random_states_seed2 --baseline_split_indices_path /data/p_dsi/dhungs1/baseline_runs/clip_hba_behavior_seed2/training_artifacts/random_states/random_states_seed2/dataset_split_indices.pth --output_base_directory /data/p_dsi/dhungs1/perturbation_length_experiments/perturb_length_experiments_baselineseed2_perturbseed1
run_016	python cvpr_train_behavior_lengths.py --model clip_hba --perturb_type random_target --perturb_epoch 3 --perturb_length 30 --perturb_distribution target --perturb_seed 1 --output_dir random_target_e3_l30 --cuda 0 --random_seed 2 --baseline_dora_directory /data/p_dsi/dhungs1/baseline_runs/clip_hba_behavior_seed2/training_artifacts/dora_params/dora_params_seed2 --baseline_random_state_path /data/p_dsi/dhungs1/baseline_runs/clip_hba_behavior_seed2/training_artifacts/random_states/random_states_seed2 --baseline_split_indices_path /data/p_dsi/dhungs1/baseline_runs/clip_hba_behavior_seed2/training_artifacts/random_states/random_states_seed2/dataset_split_indices.pth --output_base_directory /data/p_dsi/dhungs1/perturbation_length_experiments/perturb_length_experiments_baselineseed2_perturbseed1
run_017	python cvpr_train_behavior_lengths.py --model clip_hba --perturb_type random_target --perturb_epoch 3 --perturb_length 40 --perturb_distribution target --perturb_seed 1 --output_dir random_target_e3_l40 --cuda 0 --random_seed 2 --baseline_dora_directory /data/p_dsi/dhungs1/baseline_runs/clip_hba_behavior_seed2/training_artifacts/dora_params/dora_params_seed2 --baseline_random_state_path /data/p_dsi/dhungs1/baseline_runs/clip_hba_behavior_seed2/training_artifacts/random_states/random_states_seed2 --baseline_split_indices_path /data/p_dsi/dhungs1/baseline_runs/clip_hba_behavior_seed2/training_artifacts/random_states/random_states_seed2/dataset_split_indices.pth --output_base_directory /data/p_dsi/dhungs1/perturbation_length_experiments/perturb_length_experiments_baselineseed2_perturbseed1
run_018	python cvpr_train_behavior_lengths.py --model clip_hba --perturb_type random_target --perturb_epoch 3 --perturb_length 50 --perturb_distribution target --perturb_seed 1 --output_dir random_target_e3_l50 --cuda 0 --random_seed 2 --baseline_dora_directory /data/p_dsi/dhungs1/baseline_runs/clip_hba_behavior_seed2/training_artifacts/dora_params/dora_params_seed2 --baseline_random_state_path /data/p_dsi/dhungs1/baseline_runs/clip_hba_behavior_seed2/training_artifacts/random_states/random_states_seed2 --baseline_split_indices_path /data/p_dsi/dhungs1/baseline_runs/clip_hba_behavior_seed2/training_artifacts/random_states/random_states_seed2/dataset_split_indices.pth --output_base_directory /data/p_dsi/dhungs1/perturbation_length_experiments/perturb_length_experiments_baselineseed2_perturbseed1
run_019	python cvpr_train_behavior_lengths.py --model clip_hba --perturb_type random_target --perturb_epoch 4 --perturb_length 5 --perturb_distribution target --perturb_seed 1 --output_dir random_target_e4_l5 --cuda 0 --random_seed 2 --baseline_dora_directory /data/p_dsi/dhungs1/baseline_runs/clip_hba_behavior_seed2/training_artifacts/dora_params/dora_params_seed2 --baseline_random_state_path /data/p_dsi/dhungs1/baseline_runs/clip_hba_behavior_seed2/training_artifacts/random_states/random_states_seed2 --baseline_split_indices_path /data/p_dsi/dhungs1/baseline_runs/clip_hba_behavior_seed2/training_artifacts/random_states/random_states_seed2/dataset_split_indices.pth --output_base_directory /data/p_dsi/dhungs1/perturbation_length_experiments/perturb_length_experiments_baselineseed2_perturbseed1
run_020	python cvpr_train_behavior_lengths.py --model clip_hba --perturb_type random_target --perturb_epoch 4 --perturb_length 10 --perturb_distribution target --perturb_seed 1 --output_dir random_target_e4_l10 --cuda 0 --random_seed 2 --baseline_dora_directory /data/p_dsi/dhungs1/baseline_runs/clip_hba_behavior_seed2/training_artifacts/dora_params/dora_params_seed2 --baseline_random_state_path /data/p_dsi/dhungs1/baseline_runs/clip_hba_behavior_seed2/training_artifacts/random_states/random_states_seed2 --baseline_split_indices_path /data/p_dsi/dhungs1/baseline_runs/clip_hba_behavior_seed2/training_artifacts/random_states/random_states_seed2/dataset_split_indices.pth --output_base_directory /data/p_dsi/dhungs1/perturbation_length_experiments/perturb_length_experiments_baselineseed2_perturbseed1
run_021	python cvpr_train_behavior_lengths.py --model clip_hba --perturb_type random_target --perturb_epoch 4 --perturb_length 20 --perturb_distribution target --perturb_seed 1 --output_dir random_target_e4_l20 --cuda 0 --random_seed 2 --baseline_dora_directory /data/p_dsi/dhungs1/baseline_runs/clip_hba_behavior_seed2/training_artifacts/dora_params/dora_params_seed2 --baseline_random_state_path /data/p_dsi/dhungs1/baseline_runs/clip_hba_behavior_seed2/training_artifacts/random_states/random_states_seed2 --baseline_split_indices_path /data/p_dsi/dhungs1/baseline_runs/clip_hba_behavior_seed2/training_artifacts/random_states/random_states_seed2/dataset_split_indices.pth --output_base_directory /data/p_dsi/dhungs1/perturbation_length_experiments/perturb_length_experiments_baselineseed2_perturbseed1
run_022	python cvpr_train_behavior_lengths.py --model clip_hba --perturb_type random_target --perturb_epoch 4 --perturb_length 30 --perturb_distribution target --perturb_seed 1 --output_dir random_target_e4_l30 --cuda 0 --random_seed 2 --baseline_dora_directory /data/p_dsi/dhungs1/baseline_runs/clip_hba_behavior_seed2/training_artifacts/dora_params/dora_params_seed2 --baseline_random_state_path /data/p_dsi/dhungs1/baseline_runs/clip_hba_behavior_seed2/training_artifacts/random_states/random_states_seed2 --baseline_split_indices_path /data/p_dsi/dhungs1/baseline_runs/clip_hba_behavior_seed2/training_artifacts/random_states/random_states_seed2/dataset_split_indices.pth --output_base_directory /data/p_dsi/dhungs1/perturbation_length_experiments/perturb_length_experiments_baselineseed2_perturbseed1
run_023	python cvpr_train_behavior_lengths.py --model clip_hba --perturb_type random_target --perturb_epoch 4 --perturb_length 40 --perturb_distribution target --perturb_seed 1 --output_dir random_target_e4_l40 --cuda 0 --random_seed 2 --baseline_dora_directory /data/p_dsi/dhungs1/baseline_runs/clip_hba_behavior_seed2/training_artifacts/dora_params/dora_params_seed2 --baseline_random_state_path /data/p_dsi/dhungs1/baseline_runs/clip_hba_behavior_seed2/training_artifacts/random_states/random_states_seed2 --baseline_split_indices_path /data/p_dsi/dhungs1/baseline_runs/clip_hba_behavior_seed2/training_artifacts/random_states/random_states_seed2/dataset_split_indices.pth --output_base_directory /data/p_dsi/dhungs1/perturbation_length_experiments/perturb_length_experiments_baselineseed2_perturbseed1
run_024	python cvpr_train_behavior_lengths.py --model clip_hba --perturb_type random_target --perturb_epoch 4 --perturb_length 50 --perturb_distribution target --perturb_seed 1 --output_dir random_target_e4_l50 --cuda 0 --random_seed 2 --baseline_dora_directory /data/p_dsi/dhungs1/baseline_runs/clip_hba_behavior_seed2/training_artifacts/dora_params/dora_params_seed2 --baseline_random_state_path /data/p_dsi/dhungs1/baseline_runs/clip_hba_behavior_seed2/training_artifacts/random_states/random_states_seed2 --baseline_split_indices_path /data/p_dsi/dhungs1/baseline_runs/clip_hba_behavior_seed2/training_artifacts/random_states/random_states_seed2/dataset_split_indices.pth --output_base_directory /data/p_dsi/dhungs1/perturbation_length_experiments/perturb_length_experiments_baselineseed2_perturbseed1
run_025	python cvpr_train_behavior_lengths.py --model clip_hba --perturb_type random_target --perturb_epoch 5 --perturb_length 5 --perturb_distribution target --perturb_seed 1 --output_dir random_target_e5_l5 --cuda 0 --random_seed 2 --baseline_dora_directory /data/p_dsi/dhungs1/baseline_runs/clip_hba_behavior_seed2/training_artifacts/dora_params/dora_params_seed2 --baseline_random_state_path /data/p_dsi/dhungs1/baseline_runs/clip_hba_behavior_seed2/training_artifacts/random_states/random_states_seed2 --baseline_split_indices_path /data/p_dsi/dhungs1/baseline_runs/clip_hba_behavior_seed2/training_artifacts/random_states/random_states_seed2/dataset_split_indices.pth --output_base_directory /data/p_dsi/dhungs1/perturbation_length_experiments/perturb_length_experiments_baselineseed2_perturbseed1
run_026	python cvpr_train_behavior_lengths.py --model clip_hba --perturb_type random_target --perturb_epoch 5 --perturb_length 10 --perturb_distribution target --perturb_seed 1 --output_dir random_target_e5_l10 --cuda 0 --random_seed 2 --baseline_dora_directory /data/p_dsi/dhungs1/baseline_runs/clip_hba_behavior_seed2/training_artifacts/dora_params/dora_params_seed2 --baseline_random_state_path /data/p_dsi/dhungs1/baseline_runs/clip_hba_behavior_seed2/training_artifacts/random_states/random_states_seed2 --baseline_split_indices_path /data/p_dsi/dhungs1/baseline_runs/clip_hba_behavior_seed2/training_artifacts/random_states/random_states_seed2/dataset_split_indices.pth --output_base_directory /data/p_dsi/dhungs1/perturbation_length_experiments/perturb_length_experiments_baselineseed2_perturbseed1
run_027	python cvpr_train_behavior_lengths.py --model clip_hba --perturb_type random_target --perturb_epoch 5 --perturb_length 20 --perturb_distribution target --perturb_seed 1 --output_dir random_target_e5_l20 --cuda 0 --random_seed 2 --baseline_dora_directory /data/p_dsi/dhungs1/baseline_runs/clip_hba_behavior_seed2/training_artifacts/dora_params/dora_params_seed2 --baseline_random_state_path /data/p_dsi/dhungs1/baseline_runs/clip_hba_behavior_seed2/training_artifacts/random_states/random_states_seed2 --baseline_split_indices_path /data/p_dsi/dhungs1/baseline_runs/clip_hba_behavior_seed2/training_artifacts/random_states/random_states_seed2/dataset_split_indices.pth --output_base_directory /data/p_dsi/dhungs1/perturbation_length_experiments/perturb_length_experiments_baselineseed2_perturbseed1
run_028	python cvpr_train_behavior_lengths.py --model clip_hba --perturb_type random_target --perturb_epoch 5 --perturb_length 30 --perturb_distribution target --perturb_seed 1 --output_dir random_target_e5_l30 --cuda 0 --random_seed 2 --baseline_dora_directory /data/p_dsi/dhungs1/baseline_runs/clip_hba_behavior_seed2/training_artifacts/dora_params/dora_params_seed2 --baseline_random_state_path /data/p_dsi/dhungs1/baseline_runs/clip_hba_behavior_seed2/training_artifacts/random_states/random_states_seed2 --baseline_split_indices_path /data/p_dsi/dhungs1/baseline_runs/clip_hba_behavior_seed2/training_artifacts/random_states/random_states_seed2/dataset_split_indices.pth --output_base_directory /data/p_dsi/dhungs1/perturbation_length_experiments/perturb_length_experiments_baselineseed2_perturbseed1
run_029	python cvpr_train_behavior_lengths.py --model clip_hba --perturb_type random_target --perturb_epoch 5 --perturb_length 40 --perturb_distribution target --perturb_seed 1 --output_dir random_target_e5_l40 --cuda 0 --random_seed 2 --baseline_dora_directory /data/p_dsi/dhungs1/baseline_runs/clip_hba_behavior_seed2/training_artifacts/dora_params/dora_params_seed2 --baseline_random_state_path /data/p_dsi/dhungs1/baseline_runs/clip_hba_behavior_seed2/training_artifacts/random_states/random_states_seed2 --baseline_split_indices_path /data/p_dsi/dhungs1/baseline_runs/clip_hba_behavior_seed2/training_artifacts/random_states/random_states_seed2/dataset_split_indices.pth --output_base_directory /data/p_dsi/dhungs1/perturbation_length_experiments/perturb_length_experiments_baselineseed2_perturbseed1
run_030	python cvpr_train_behavior_lengths.py --model clip_hba --perturb_type random_target --perturb_epoch 5 --perturb_length 50 --perturb_distribution target --perturb_seed 1 --output_dir random_target_e5_l50 --cuda 0 --random_seed 2 --baseline_dora_directory /data/p_dsi/dhungs1/baseline_runs/clip_hba_behavior_seed2/training_artifacts/dora_params/dora_params_seed2 --baseline_random_state_path /data/p_dsi/dhungs1/baseline_runs/clip_hba_behavior_seed2/training_artifacts/random_states/random_states_seed2 --baseline_split_indices_path /data/p_dsi/dhungs1/baseline_runs/clip_hba_behavior_seed2/training_artifacts/random_states/random_states_seed2/dataset_split_indices.pth --output_base_directory /data/p_dsi/dhungs1/perturbation_length_experiments/perturb_length_experiments_baselineseed2_perturbseed1
run_031	python cvpr_train_behavior_lengths.py --model clip_hba --perturb_type random_target --perturb_epoch 6 --perturb_length 5 --perturb_distribution target --perturb_seed 1 --output_dir random_target_e6_l5 --cuda 0 --random_seed 2 --baseline_dora_directory /data/p_dsi/dhungs1/baseline_runs/clip_hba_behavior_seed2/training_artifacts/dora_params/dora_params_seed2 --baseline_random_state_path /data/p_dsi/dhungs1/baseline_runs/clip_hba_behavior_seed2/training_artifacts/random_states/random_states_seed2 --baseline_split_indices_path /data/p_dsi/dhungs1/baseline_runs/clip_hba_behavior_seed2/training_artifacts/random_states/random_states_seed2/dataset_split_indices.pth --output_base_directory /data/p_dsi/dhungs1/perturbation_length_experiments/perturb_length_experiments_baselineseed2_perturbseed1
run_032	python cvpr_train_behavior_lengths.py --model clip_hba --perturb_type random_target --perturb_epoch 6 --perturb_length 10 --perturb_distribution target --perturb_seed 1 --output_dir random_target_e6_l10 --cuda 0 --random_seed 2 --baseline_dora_directory /data/p_dsi/dhungs1/baseline_runs/clip_hba_behavior_seed2/training_artifacts/dora_params/dora_params_seed2 --baseline_random_state_path /data/p_dsi/dhungs1/baseline_runs/clip_hba_behavior_seed2/training_artifacts/random_states/random_states_seed2 --baseline_split_indices_path /data/p_dsi/dhungs1/baseline_runs/clip_hba_behavior_seed2/training_artifacts/random_states/random_states_seed2/dataset_split_indices.pth --output_base_directory /data/p_dsi/dhungs1/perturbation_length_experiments/perturb_length_experiments_baselineseed2_perturbseed1
run_033	python cvpr_train_behavior_lengths.py --model clip_hba --perturb_type random_target --perturb_epoch 6 --perturb_length 20 --perturb_distribution target --perturb_seed 1 --output_dir random_target_e6_l20 --cuda 0 --random_seed 2 --baseline_dora_directory /data/p_dsi/dhungs1/baseline_runs/clip_hba_behavior_seed2/training_artifacts/dora_params/dora_params_seed2 --baseline_random_state_path /data/p_dsi/dhungs1/baseline_runs/clip_hba_behavior_seed2/training_artifacts/random_states/random_states_seed2 --baseline_split_indices_path /data/p_dsi/dhungs1/baseline_runs/clip_hba_behavior_seed2/training_artifacts/random_states/random_states_seed2/dataset_split_indices.pth --output_base_directory /data/p_dsi/dhungs1/perturbation_length_experiments/perturb_length_experiments_baselineseed2_perturbseed1
run_034	python cvpr_train_behavior_lengths.py --model clip_hba --perturb_type random_target --perturb_epoch 6 --perturb_length 30 --perturb_distribution target --perturb_seed 1 --output_dir random_target_e6_l30 --cuda 0 --random_seed 2 --baseline_dora_directory /data/p_dsi/dhungs1/baseline_runs/clip_hba_behavior_seed2/training_artifacts/dora_params/dora_params_seed2 --baseline_random_state_path /data/p_dsi/dhungs1/baseline_runs/clip_hba_behavior_seed2/training_artifacts/random_states/random_states_seed2 --baseline_split_indices_path /data/p_dsi/dhungs1/baseline_runs/clip_hba_behavior_seed2/training_artifacts/random_states/random_states_seed2/dataset_split_indices.pth --output_base_directory /data/p_dsi/dhungs1/perturbation_length_experiments/perturb_length_experiments_baselineseed2_perturbseed1
run_035	python cvpr_train_behavior_lengths.py --model clip_hba --perturb_type random_target --perturb_epoch 6 --perturb_length 40 --perturb_distribution target --perturb_seed 1 --output_dir random_target_e6_l40 --cuda 0 --random_seed 2 --baseline_dora_directory /data/p_dsi/dhungs1/baseline_runs/clip_hba_behavior_seed2/training_artifacts/dora_params/dora_params_seed2 --baseline_random_state_path /data/p_dsi/dhungs1/baseline_runs/clip_hba_behavior_seed2/training_artifacts/random_states/random_states_seed2 --baseline_split_indices_path /data/p_dsi/dhungs1/baseline_runs/clip_hba_behavior_seed2/training_artifacts/random_states/random_states_seed2/dataset_split_indices.pth --output_base_directory /data/p_dsi/dhungs1/perturbation_length_experiments/perturb_length_experiments_baselineseed2_perturbseed1
run_036	python cvpr_train_behavior_lengths.py --model clip_hba --perturb_type random_target --perturb_epoch 6 --perturb_length 50 --perturb_distribution target --perturb_seed 1 --output_dir random_target_e6_l50 --cuda 0 --random_seed 2 --baseline_dora_directory /data/p_dsi/dhungs1/baseline_runs/clip_hba_behavior_seed2/training_artifacts/dora_params/dora_params_seed2 --baseline_random_state_path /data/p_dsi/dhungs1/baseline_runs/clip_hba_behavior_seed2/training_artifacts/random_states/random_states_seed2 --baseline_split_indices_path /data/p_dsi/dhungs1/baseline_runs/clip_hba_behavior_seed2/training_artifacts/random_states/random_states_seed2/dataset_split_indices.pth --output_base_directory /data/p_dsi/dhungs1/perturbation_length_experiments/perturb_length_experiments_baselineseed2_perturbseed1
run_037	python cvpr_train_behavior_lengths.py --model clip_hba --perturb_type random_target --perturb_epoch 7 --perturb_length 5 --perturb_distribution target --perturb_seed 1 --output_dir random_target_e7_l5 --cuda 0 --random_seed 2 --baseline_dora_directory /data/p_dsi/dhungs1/baseline_runs/clip_hba_behavior_seed2/training_artifacts/dora_params/dora_params_seed2 --baseline_random_state_path /data/p_dsi/dhungs1/baseline_runs/clip_hba_behavior_seed2/training_artifacts/random_states/random_states_seed2 --baseline_split_indices_path /data/p_dsi/dhungs1/baseline_runs/clip_hba_behavior_seed2/training_artifacts/random_states/random_states_seed2/dataset_split_indices.pth --output_base_directory /data/p_dsi/dhungs1/perturbation_length_experiments/perturb_length_experiments_baselineseed2_perturbseed1
run_038	python cvpr_train_behavior_lengths.py --model clip_hba --perturb_type random_target --perturb_epoch 7 --perturb_length 10 --perturb_distribution target --perturb_seed 1 --output_dir random_target_e7_l10 --cuda 0 --random_seed 2 --baseline_dora_directory /data/p_dsi/dhungs1/baseline_runs/clip_hba_behavior_seed2/training_artifacts/dora_params/dora_params_seed2 --baseline_random_state_path /data/p_dsi/dhungs1/baseline_runs/clip_hba_behavior_seed2/training_artifacts/random_states/random_states_seed2 --baseline_split_indices_path /data/p_dsi/dhungs1/baseline_runs/clip_hba_behavior_seed2/training_artifacts/random_states/random_states_seed2/dataset_split_indices.pth --output_base_directory /data/p_dsi/dhungs1/perturbation_length_experiments/perturb_length_experiments_baselineseed2_perturbseed1
run_039	python cvpr_train_behavior_lengths.py --model clip_hba --perturb_type random_target --perturb_epoch 7 --perturb_length 20 --perturb_distribution target --perturb_seed 1 --output_dir random_target_e7_l20 --cuda 0 --random_seed 2 --baseline_dora_directory /data/p_dsi/dhungs1/baseline_runs/clip_hba_behavior_seed2/training_artifacts/dora_params/dora_params_seed2 --baseline_random_state_path /data/p_dsi/dhungs1/baseline_runs/clip_hba_behavior_seed2/training_artifacts/random_states/random_states_seed2 --baseline_split_indices_path /data/p_dsi/dhungs1/baseline_runs/clip_hba_behavior_seed2/training_artifacts/random_states/random_states_seed2/dataset_split_indices.pth --output_base_directory /data/p_dsi/dhungs1/perturbation_length_experiments/perturb_length_experiments_baselineseed2_perturbseed1
run_040	python cvpr_train_behavior_lengths.py --model clip_hba --perturb_type random_target --perturb_epoch 7 --perturb_length 30 --perturb_distribution target --perturb_seed 1 --output_dir random_target_e7_l30 --cuda 0 --random_seed 2 --baseline_dora_directory /data/p_dsi/dhungs1/baseline_runs/clip_hba_behavior_seed2/training_artifacts/dora_params/dora_params_seed2 --baseline_random_state_path /data/p_dsi/dhungs1/baseline_runs/clip_hba_behavior_seed2/training_artifacts/random_states/random_states_seed2 --baseline_split_indices_path /data/p_dsi/dhungs1/baseline_runs/clip_hba_behavior_seed2/training_artifacts/random_states/random_states_seed2/dataset_split_indices.pth --output_base_directory /data/p_dsi/dhungs1/perturbation_length_experiments/perturb_length_experiments_baselineseed2_perturbseed1
run_041	python cvpr_train_behavior_lengths.py --model clip_hba --perturb_type random_target --perturb_epoch 7 --perturb_length 40 --perturb_distribution target --perturb_seed 1 --output_dir random_target_e7_l40 --cuda 0 --random_seed 2 --baseline_dora_directory /data/p_dsi/dhungs1/baseline_runs/clip_hba_behavior_seed2/training_artifacts/dora_params/dora_params_seed2 --baseline_random_state_path /data/p_dsi/dhungs1/baseline_runs/clip_hba_behavior_seed2/training_artifacts/random_states/random_states_seed2 --baseline_split_indices_path /data/p_dsi/dhungs1/baseline_runs/clip_hba_behavior_seed2/training_artifacts/random_states/random_states_seed2/dataset_split_indices.pth --output_base_directory /data/p_dsi/dhungs1/perturbation_length_experiments/perturb_length_experiments_baselineseed2_perturbseed1
run_042	python cvpr_train_behavior_lengths.py --model clip_hba --perturb_type random_target --perturb_epoch 7 --perturb_length 50 --perturb_distribution target --perturb_seed 1 --output_dir random_target_e7_l50 --cuda 0 --random_seed 2 --baseline_dora_directory /data/p_dsi/dhungs1/baseline_runs/clip_hba_behavior_seed2/training_artifacts/dora_params/dora_params_seed2 --baseline_random_state_path /data/p_dsi/dhungs1/baseline_runs/clip_hba_behavior_seed2/training_artifacts/random_states/random_states_seed2 --baseline_split_indices_path /data/p_dsi/dhungs1/baseline_runs/clip_hba_behavior_seed2/training_artifacts/random_states/random_states_seed2/dataset_split_indices.pth --output_base_directory /data/p_dsi/dhungs1/perturbation_length_experiments/perturb_length_experiments_baselineseed2_perturbseed1
run_043	python cvpr_train_behavior_lengths.py --model clip_hba --perturb_type random_target --perturb_epoch 8 --perturb_length 5 --perturb_distribution target --perturb_seed 1 --output_dir random_target_e8_l5 --cuda 0 --random_seed 2 --baseline_dora_directory /data/p_dsi/dhungs1/baseline_runs/clip_hba_behavior_seed2/training_artifacts/dora_params/dora_params_seed2 --baseline_random_state_path /data/p_dsi/dhungs1/baseline_runs/clip_hba_behavior_seed2/training_artifacts/random_states/random_states_seed2 --baseline_split_indices_path /data/p_dsi/dhungs1/baseline_runs/clip_hba_behavior_seed2/training_artifacts/random_states/random_states_seed2/dataset_split_indices.pth --output_base_directory /data/p_dsi/dhungs1/perturbation_length_experiments/perturb_length_experiments_baselineseed2_perturbseed1
run_044	python cvpr_train_behavior_lengths.py --model clip_hba --perturb_type random_target --perturb_epoch 8 --perturb_length 10 --perturb_distribution target --perturb_seed 1 --output_dir random_target_e8_l10 --cuda 0 --random_seed 2 --baseline_dora_directory /data/p_dsi/dhungs1/baseline_runs/clip_hba_behavior_seed2/training_artifacts/dora_params/dora_params_seed2 --baseline_random_state_path /data/p_dsi/dhungs1/baseline_runs/clip_hba_behavior_seed2/training_artifacts/random_states/random_states_seed2 --baseline_split_indices_path /data/p_dsi/dhungs1/baseline_runs/clip_hba_behavior_seed2/training_artifacts/random_states/random_states_seed2/dataset_split_indices.pth --output_base_directory /data/p_dsi/dhungs1/perturbation_length_experiments/perturb_length_experiments_baselineseed2_perturbseed1
run_045	python cvpr_train_behavior_lengths.py --model clip_hba --perturb_type random_target --perturb_epoch 8 --perturb_length 20 --perturb_distribution target --perturb_seed 1 --output_dir random_target_e8_l20 --cuda 0 --random_seed 2 --baseline_dora_directory /data/p_dsi/dhungs1/baseline_runs/clip_hba_behavior_seed2/training_artifacts/dora_params/dora_params_seed2 --baseline_random_state_path /data/p_dsi/dhungs1/baseline_runs/clip_hba_behavior_seed2/training_artifacts/random_states/random_states_seed2 --baseline_split_indices_path /data/p_dsi/dhungs1/baseline_runs/clip_hba_behavior_seed2/training_artifacts/random_states/random_states_seed2/dataset_split_indices.pth --output_base_directory /data/p_dsi/dhungs1/perturbation_length_experiments/perturb_length_experiments_baselineseed2_perturbseed1
run_046	python cvpr_train_behavior_lengths.py --model clip_hba --perturb_type random_target --perturb_epoch 8 --perturb_length 30 --perturb_distribution target --perturb_seed 1 --output_dir random_target_e8_l30 --cuda 0 --random_seed 2 --baseline_dora_directory /data/p_dsi/dhungs1/baseline_runs/clip_hba_behavior_seed2/training_artifacts/dora_params/dora_params_seed2 --baseline_random_state_path /data/p_dsi/dhungs1/baseline_runs/clip_hba_behavior_seed2/training_artifacts/random_states/random_states_seed2 --baseline_split_indices_path /data/p_dsi/dhungs1/baseline_runs/clip_hba_behavior_seed2/training_artifacts/random_states/random_states_seed2/dataset_split_indices.pth --output_base_directory /data/p_dsi/dhungs1/perturbation_length_experiments/perturb_length_experiments_baselineseed2_perturbseed1
run_047	python cvpr_train_behavior_lengths.py --model clip_hba --perturb_type random_target --perturb_epoch 8 --perturb_length 40 --perturb_distribution target --perturb_seed 1 --output_dir random_target_e8_l40 --cuda 0 --random_seed 2 --baseline_dora_directory /data/p_dsi/dhungs1/baseline_runs/clip_hba_behavior_seed2/training_artifacts/dora_params/dora_params_seed2 --baseline_random_state_path /data/p_dsi/dhungs1/baseline_runs/clip_hba_behavior_seed2/training_artifacts/random_states/random_states_seed2 --baseline_split_indices_path /data/p_dsi/dhungs1/baseline_runs/clip_hba_behavior_seed2/training_artifacts/random_states/random_states_seed2/dataset_split_indices.pth --output_base_directory /data/p_dsi/dhungs1/perturbation_length_experiments/perturb_length_experiments_baselineseed2_perturbseed1
run_048	python cvpr_train_behavior_lengths.py --model clip_hba --perturb_type random_target --perturb_epoch 8 --perturb_length 50 --perturb_distribution target --perturb_seed 1 --output_dir random_target_e8_l50 --cuda 0 --random_seed 2 --baseline_dora_directory /data/p_dsi/dhungs1/baseline_runs/clip_hba_behavior_seed2/training_artifacts/dora_params/dora_params_seed2 --baseline_random_state_path /data/p_dsi/dhungs1/baseline_runs/clip_hba_behavior_seed2/training_artifacts/random_states/random_states_seed2 --baseline_split_indices_path /data/p_dsi/dhungs1/baseline_runs/clip_hba_behavior_seed2/training_artifacts/random_states/random_states_seed2/dataset_split_indices.pth --output_base_directory /data/p_dsi/dhungs1/perturbation_length_experiments/perturb_length_experiments_baselineseed2_perturbseed1
run_049	python cvpr_train_behavior_lengths.py --model clip_hba --perturb_type random_target --perturb_epoch 9 --perturb_length 5 --perturb_distribution target --perturb_seed 1 --output_dir random_target_e9_l5 --cuda 0 --random_seed 2 --baseline_dora_directory /data/p_dsi/dhungs1/baseline_runs/clip_hba_behavior_seed2/training_artifacts/dora_params/dora_params_seed2 --baseline_random_state_path /data/p_dsi/dhungs1/baseline_runs/clip_hba_behavior_seed2/training_artifacts/random_states/random_states_seed2 --baseline_split_indices_path /data/p_dsi/dhungs1/baseline_runs/clip_hba_behavior_seed2/training_artifacts/random_states/random_states_seed2/dataset_split_indices.pth --output_base_directory /data/p_dsi/dhungs1/perturbation_length_experiments/perturb_length_experiments_baselineseed2_perturbseed1
run_050	python cvpr_train_behavior_lengths.py --model clip_hba --perturb_type random_target --perturb_epoch 9 --perturb_length 10 --perturb_distribution target --perturb_seed 1 --output_dir random_target_e9_l10 --cuda 0 --random_seed 2 --baseline_dora_directory /data/p_dsi/dhungs1/baseline_runs/clip_hba_behavior_seed2/training_artifacts/dora_params/dora_params_seed2 --baseline_random_state_path /data/p_dsi/dhungs1/baseline_runs/clip_hba_behavior_seed2/training_artifacts/random_states/random_states_seed2 --baseline_split_indices_path /data/p_dsi/dhungs1/baseline_runs/clip_hba_behavior_seed2/training_artifacts/random_states/random_states_seed2/dataset_split_indices.pth --output_base_directory /data/p_dsi/dhungs1/perturbation_length_experiments/perturb_length_experiments_baselineseed2_perturbseed1
run_051	python cvpr_train_behavior_lengths.py --model clip_hba --perturb_type random_target --perturb_epoch 9 --perturb_length 20 --perturb_distribution target --perturb_seed 1 --output_dir random_target_e9_l20 --cuda 0 --random_seed 2 --baseline_dora_directory /data/p_dsi/dhungs1/baseline_runs/clip_hba_behavior_seed2/training_artifacts/dora_params/dora_params_seed2 --baseline_random_state_path /data/p_dsi/dhungs1/baseline_runs/clip_hba_behavior_seed2/training_artifacts/random_states/random_states_seed2 --baseline_split_indices_path /data/p_dsi/dhungs1/baseline_runs/clip_hba_behavior_seed2/training_artifacts/random_states/random_states_seed2/dataset_split_indices.pth --output_base_directory /data/p_dsi/dhungs1/perturbation_length_experiments/perturb_length_experiments_baselineseed2_perturbseed1
run_052	python cvpr_train_behavior_lengths.py --model clip_hba --perturb_type random_target --perturb_epoch 9 --perturb_length 30 --perturb_distribution target --perturb_seed 1 --output_dir random_target_e9_l30 --cuda 0 --random_seed 2 --baseline_dora_directory /data/p_dsi/dhungs1/baseline_runs/clip_hba_behavior_seed2/training_artifacts/dora_params/dora_params_seed2 --baseline_random_state_path /data/p_dsi/dhungs1/baseline_runs/clip_hba_behavior_seed2/training_artifacts/random_states/random_states_seed2 --baseline_split_indices_path /data/p_dsi/dhungs1/baseline_runs/clip_hba_behavior_seed2/training_artifacts/random_states/random_states_seed2/dataset_split_indices.pth --output_base_directory /data/p_dsi/dhungs1/perturbation_length_experiments/perturb_length_experiments_baselineseed2_perturbseed1
run_053	python cvpr_train_behavior_lengths.py --model clip_hba --perturb_type random_target --perturb_epoch 9 --perturb_length 40 --perturb_distribution target --perturb_seed 1 --output_dir random_target_e9_l40 --cuda 0 --random_seed 2 --baseline_dora_directory /data/p_dsi/dhungs1/baseline_runs/clip_hba_behavior_seed2/training_artifacts/dora_params/dora_params_seed2 --baseline_random_state_path /data/p_dsi/dhungs1/baseline_runs/clip_hba_behavior_seed2/training_artifacts/random_states/random_states_seed2 --baseline_split_indices_path /data/p_dsi/dhungs1/baseline_runs/clip_hba_behavior_seed2/training_artifacts/random_states/random_states_seed2/dataset_split_indices.pth --output_base_directory /data/p_dsi/dhungs1/perturbation_length_experiments/perturb_length_experiments_baselineseed2_perturbseed1
run_054	python cvpr_train_behavior_lengths.py --model clip_hba --perturb_type random_target --perturb_epoch 9 --perturb_length 50 --perturb_distribution target --perturb_seed 1 --output_dir random_target_e9_l50 --cuda 0 --random_seed 2 --baseline_dora_directory /data/p_dsi/dhungs1/baseline_runs/clip_hba_behavior_seed2/training_artifacts/dora_params/dora_params_seed2 --baseline_random_state_path /data/p_dsi/dhungs1/baseline_runs/clip_hba_behavior_seed2/training_artifacts/random_states/random_states_seed2 --baseline_split_indices_path /data/p_dsi/dhungs1/baseline_runs/clip_hba_behavior_seed2/training_artifacts/random_states/random_states_seed2/dataset_split_indices.pth --output_base_directory /data/p_dsi/dhungs1/perturbation_length_experiments/perturb_length_experiments_baselineseed2_perturbseed1
run_055	python cvpr_train_behavior_lengths.py --model clip_hba --perturb_type random_target --perturb_epoch 10 --perturb_length 5 --perturb_distribution target --perturb_seed 1 --output_dir random_target_e10_l5 --cuda 0 --random_seed 2 --baseline_dora_directory /data/p_dsi/dhungs1/baseline_runs/clip_hba_behavior_seed2/training_artifacts/dora_params/dora_params_seed2 --baseline_random_state_path /data/p_dsi/dhungs1/baseline_runs/clip_hba_behavior_seed2/training_artifacts/random_states/random_states_seed2 --baseline_split_indices_path /data/p_dsi/dhungs1/baseline_runs/clip_hba_behavior_seed2/training_artifacts/random_states/random_states_seed2/dataset_split_indices.pth --output_base_directory /data/p_dsi/dhungs1/perturbation_length_experiments/perturb_length_experiments_baselineseed2_perturbseed1
run_056	python cvpr_train_behavior_lengths.py --model clip_hba --perturb_type random_target --perturb_epoch 10 --perturb_length 10 --perturb_distribution target --perturb_seed 1 --output_dir random_target_e10_l10 --cuda 0 --random_seed 2 --baseline_dora_directory /data/p_dsi/dhungs1/baseline_runs/clip_hba_behavior_seed2/training_artifacts/dora_params/dora_params_seed2 --baseline_random_state_path /data/p_dsi/dhungs1/baseline_runs/clip_hba_behavior_seed2/training_artifacts/random_states/random_states_seed2 --baseline_split_indices_path /data/p_dsi/dhungs1/baseline_runs/clip_hba_behavior_seed2/training_artifacts/random_states/random_states_seed2/dataset_split_indices.pth --output_base_directory /data/p_dsi/dhungs1/perturbation_length_experiments/perturb_length_experiments_baselineseed2_perturbseed1
run_057	python cvpr_train_behavior_lengths.py --model clip_hba --perturb_type random_target --perturb_epoch 10 --perturb_length 20 --perturb_distribution target --perturb_seed 1 --output_dir random_target_e10_l20 --cuda 0 --random_seed 2 --baseline_dora_directory /data/p_dsi/dhungs1/baseline_runs/clip_hba_behavior_seed2/training_artifacts/dora_params/dora_params_seed2 --baseline_random_state_path /data/p_dsi/dhungs1/baseline_runs/clip_hba_behavior_seed2/training_artifacts/random_states/random_states_seed2 --baseline_split_indices_path /data/p_dsi/dhungs1/baseline_runs/clip_hba_behavior_seed2/training_artifacts/random_states/random_states_seed2/dataset_split_indices.pth --output_base_directory /data/p_dsi/dhungs1/perturbation_length_experiments/perturb_length_experiments_baselineseed2_perturbseed1
run_058	python cvpr_train_behavior_lengths.py --model clip_hba --perturb_type random_target --perturb_epoch 10 --perturb_length 30 --perturb_distribution target --perturb_seed 1 --output_dir random_target_e10_l30 --cuda 0 --random_seed 2 --baseline_dora_directory /data/p_dsi/dhungs1/baseline_runs/clip_hba_behavior_seed2/training_artifacts/dora_params/dora_params_seed2 --baseline_random_state_path /data/p_dsi/dhungs1/baseline_runs/clip_hba_behavior_seed2/training_artifacts/random_states/random_states_seed2 --baseline_split_indices_path /data/p_dsi/dhungs1/baseline_runs/clip_hba_behavior_seed2/training_artifacts/random_states/random_states_seed2/dataset_split_indices.pth --output_base_directory /data/p_dsi/dhungs1/perturbation_length_experiments/perturb_length_experiments_baselineseed2_perturbseed1
run_059	python cvpr_train_behavior_lengths.py --model clip_hba --perturb_type random_target --perturb_epoch 10 --perturb_length 40 --perturb_distribution target --perturb_seed 1 --output_dir random_target_e10_l40 --cuda 0 --random_seed 2 --baseline_dora_directory /data/p_dsi/dhungs1/baseline_runs/clip_hba_behavior_seed2/training_artifacts/dora_params/dora_params_seed2 --baseline_random_state_path /data/p_dsi/dhungs1/baseline_runs/clip_hba_behavior_seed2/training_artifacts/random_states/random_states_seed2 --baseline_split_indices_path /data/p_dsi/dhungs1/baseline_runs/clip_hba_behavior_seed2/training_artifacts/random_states/random_states_seed2/dataset_split_indices.pth --output_base_directory /data/p_dsi/dhungs1/perturbation_length_experiments/perturb_length_experiments_baselineseed2_perturbseed1
run_060	python cvpr_train_behavior_lengths.py --model clip_hba --perturb_type random_target --perturb_epoch 10 --perturb_length 50 --perturb_distribution target --perturb_seed 1 --output_dir random_target_e10_l50 --cuda 0 --random_seed 2 --baseline_dora_directory /data/p_dsi/dhungs1/baseline_runs/clip_hba_behavior_seed2/training_artifacts/dora_params/dora_params_seed2 --baseline_random_state_path /data/p_dsi/dhungs1/baseline_runs/clip_hba_behavior_seed2/training_artifacts/random_states/random_states_seed2 --baseline_split_indices_path /data/p_dsi/dhungs1/baseline_runs/clip_hba_behavior_seed2/training_artifacts/random_states/random_states_seed2/dataset_split_indices.pth --output_base_directory /data/p_dsi/dhungs1/perturbation_length_experiments/perturb_length_experiments_baselineseed2_perturbseed1
run_061	python cvpr_train_behavior_lengths.py --model clip_hba --perturb_type random_target --perturb_epoch 20 --perturb_length 5 --perturb_distribution target --perturb_seed 1 --output_dir random_target_e20_l5 --cuda 0 --random_seed 2 --baseline_dora_directory /data/p_dsi/dhungs1/baseline_runs/clip_hba_behavior_seed2/training_artifacts/dora_params/dora_params_seed2 --baseline_random_state_path /data/p_dsi/dhungs1/baseline_runs/clip_hba_behavior_seed2/training_artifacts/random_states/random_states_seed2 --baseline_split_indices_path /data/p_dsi/dhungs1/baseline_runs/clip_hba_behavior_seed2/training_artifacts/random_states/random_states_seed2/dataset_split_indices.pth --output_base_directory /data/p_dsi/dhungs1/perturbation_length_experiments/perturb_length_experiments_baselineseed2_perturbseed1
run_062	python cvpr_train_behavior_lengths.py --model clip_hba --perturb_type random_target --perturb_epoch 20 --perturb_length 10 --perturb_distribution target --perturb_seed 1 --output_dir random_target_e20_l10 --cuda 0 --random_seed 2 --baseline_dora_directory /data/p_dsi/dhungs1/baseline_runs/clip_hba_behavior_seed2/training_artifacts/dora_params/dora_params_seed2 --baseline_random_state_path /data/p_dsi/dhungs1/baseline_runs/clip_hba_behavior_seed2/training_artifacts/random_states/random_states_seed2 --baseline_split_indices_path /data/p_dsi/dhungs1/baseline_runs/clip_hba_behavior_seed2/training_artifacts/random_states/random_states_seed2/dataset_split_indices.pth --output_base_directory /data/p_dsi/dhungs1/perturbation_length_experiments/perturb_length_experiments_baselineseed2_perturbseed1
run_063	python cvpr_train_behavior_lengths.py --model clip_hba --perturb_type random_target --perturb_epoch 20 --perturb_length 20 --perturb_distribution target --perturb_seed 1 --output_dir random_target_e20_l20 --cuda 0 --random_seed 2 --baseline_dora_directory /data/p_dsi/dhungs1/baseline_runs/clip_hba_behavior_seed2/training_artifacts/dora_params/dora_params_seed2 --baseline_random_state_path /data/p_dsi/dhungs1/baseline_runs/clip_hba_behavior_seed2/training_artifacts/random_states/random_states_seed2 --baseline_split_indices_path /data/p_dsi/dhungs1/baseline_runs/clip_hba_behavior_seed2/training_artifacts/random_states/random_states_seed2/dataset_split_indices.pth --output_base_directory /data/p_dsi/dhungs1/perturbation_length_experiments/perturb_length_experiments_baselineseed2_perturbseed1
run_064	python cvpr_train_behavior_lengths.py --model clip_hba --perturb_type random_target --perturb_epoch 20 --perturb_length 30 --perturb_distribution target --perturb_seed 1 --output_dir random_target_e20_l30 --cuda 0 --random_seed 2 --baseline_dora_directory /data/p_dsi/dhungs1/baseline_runs/clip_hba_behavior_seed2/training_artifacts/dora_params/dora_params_seed2 --baseline_random_state_path /data/p_dsi/dhungs1/baseline_runs/clip_hba_behavior_seed2/training_artifacts/random_states/random_states_seed2 --baseline_split_indices_path /data/p_dsi/dhungs1/baseline_runs/clip_hba_behavior_seed2/training_artifacts/random_states/random_states_seed2/dataset_split_indices.pth --output_base_directory /data/p_dsi/dhungs1/perturbation_length_experiments/perturb_length_experiments_baselineseed2_perturbseed1
run_065	python cvpr_train_behavior_lengths.py --model clip_hba --perturb_type random_target --perturb_epoch 20 --perturb_length 40 --perturb_distribution target --perturb_seed 1 --output_dir random_target_e20_l40 --cuda 0 --random_seed 2 --baseline_dora_directory /data/p_dsi/dhungs1/baseline_runs/clip_hba_behavior_seed2/training_artifacts/dora_params/dora_params_seed2 --baseline_random_state_path /data/p_dsi/dhungs1/baseline_runs/clip_hba_behavior_seed2/training_artifacts/random_states/random_states_seed2 --baseline_split_indices_path /data/p_dsi/dhungs1/baseline_runs/clip_hba_behavior_seed2/training_artifacts/random_states/random_states_seed2/dataset_split_indices.pth --output_base_directory /data/p_dsi/dhungs1/perturbation_length_experiments/perturb_length_experiments_baselineseed2_perturbseed1
run_066	python cvpr_train_behavior_lengths.py --model clip_hba --perturb_type random_target --perturb_epoch 20 --perturb_length 50 --perturb_distribution target --perturb_seed 1 --output_dir random_target_e20_l50 --cuda 0 --random_seed 2 --baseline_dora_directory /data/p_dsi/dhungs1/baseline_runs/clip_hba_behavior_seed2/training_artifacts/dora_params/dora_params_seed2 --baseline_random_state_path /data/p_dsi/dhungs1/baseline_runs/clip_hba_behavior_seed2/training_artifacts/random_states/random_states_seed2 --baseline_split_indices_path /data/p_dsi/dhungs1/baseline_runs/clip_hba_behavior_seed2/training_artifacts/random_states/random_states_seed2/dataset_split_indices.pth --output_base_directory /data/p_dsi/dhungs1/perturbation_length_experiments/perturb_length_experiments_baselineseed2_perturbseed1
run_067	python cvpr_train_behavior_lengths.py --model clip_hba --perturb_type random_target --perturb_epoch 30 --perturb_length 5 --perturb_distribution target --perturb_seed 1 --output_dir random_target_e30_l5 --cuda 0 --random_seed 2 --baseline_dora_directory /data/p_dsi/dhungs1/baseline_runs/clip_hba_behavior_seed2/training_artifacts/dora_params/dora_params_seed2 --baseline_random_state_path /data/p_dsi/dhungs1/baseline_runs/clip_hba_behavior_seed2/training_artifacts/random_states/random_states_seed2 --baseline_split_indices_path /data/p_dsi/dhungs1/baseline_runs/clip_hba_behavior_seed2/training_artifacts/random_states/random_states_seed2/dataset_split_indices.pth --output_base_directory /data/p_dsi/dhungs1/perturbation_length_experiments/perturb_length_experiments_baselineseed2_perturbseed1
run_068	python cvpr_train_behavior_lengths.py --model clip_hba --perturb_type random_target --perturb_epoch 30 --perturb_length 10 --perturb_distribution target --perturb_seed 1 --output_dir random_target_e30_l10 --cuda 0 --random_seed 2 --baseline_dora_directory /data/p_dsi/dhungs1/baseline_runs/clip_hba_behavior_seed2/training_artifacts/dora_params/dora_params_seed2 --baseline_random_state_path /data/p_dsi/dhungs1/baseline_runs/clip_hba_behavior_seed2/training_artifacts/random_states/random_states_seed2 --baseline_split_indices_path /data/p_dsi/dhungs1/baseline_runs/clip_hba_behavior_seed2/training_artifacts/random_states/random_states_seed2/dataset_split_indices.pth --output_base_directory /data/p_dsi/dhungs1/perturbation_length_experiments/perturb_length_experiments_baselineseed2_perturbseed1
run_069	python cvpr_train_behavior_lengths.py --model clip_hba --perturb_type random_target --perturb_epoch 30 --perturb_length 20 --perturb_distribution target --perturb_seed 1 --output_dir random_target_e30_l20 --cuda 0 --random_seed 2 --baseline_dora_directory /data/p_dsi/dhungs1/baseline_runs/clip_hba_behavior_seed2/training_artifacts/dora_params/dora_params_seed2 --baseline_random_state_path /data/p_dsi/dhungs1/baseline_runs/clip_hba_behavior_seed2/training_artifacts/random_states/random_states_seed2 --baseline_split_indices_path /data/p_dsi/dhungs1/baseline_runs/clip_hba_behavior_seed2/training_artifacts/random_states/random_states_seed2/dataset_split_indices.pth --output_base_directory /data/p_dsi/dhungs1/perturbation_length_experiments/perturb_length_experiments_baselineseed2_perturbseed1
run_070	python cvpr_train_behavior_lengths.py --model clip_hba --perturb_type random_target --perturb_epoch 30 --perturb_length 30 --perturb_distribution target --perturb_seed 1 --output_dir random_target_e30_l30 --cuda 0 --random_seed 2 --baseline_dora_directory /data/p_dsi/dhungs1/baseline_runs/clip_hba_behavior_seed2/training_artifacts/dora_params/dora_params_seed2 --baseline_random_state_path /data/p_dsi/dhungs1/baseline_runs/clip_hba_behavior_seed2/training_artifacts/random_states/random_states_seed2 --baseline_split_indices_path /data/p_dsi/dhungs1/baseline_runs/clip_hba_behavior_seed2/training_artifacts/random_states/random_states_seed2/dataset_split_indices.pth --output_base_directory /data/p_dsi/dhungs1/perturbation_length_experiments/perturb_length_experiments_baselineseed2_perturbseed1
run_071	python cvpr_train_behavior_lengths.py --model clip_hba --perturb_type random_target --perturb_epoch 30 --perturb_length 40 --perturb_distribution target --perturb_seed 1 --output_dir random_target_e30_l40 --cuda 0 --random_seed 2 --baseline_dora_directory /data/p_dsi/dhungs1/baseline_runs/clip_hba_behavior_seed2/training_artifacts/dora_params/dora_params_seed2 --baseline_random_state_path /data/p_dsi/dhungs1/baseline_runs/clip_hba_behavior_seed2/training_artifacts/random_states/random_states_seed2 --baseline_split_indices_path /data/p_dsi/dhungs1/baseline_runs/clip_hba_behavior_seed2/training_artifacts/random_states/random_states_seed2/dataset_split_indices.pth --output_base_directory /data/p_dsi/dhungs1/perturbation_length_experiments/perturb_length_experiments_baselineseed2_perturbseed1
run_072	python cvpr_train_behavior_lengths.py --model clip_hba --perturb_type random_target --perturb_epoch 30 --perturb_length 50 --perturb_distribution target --perturb_seed 1 --output_dir random_target_e30_l50 --cuda 0 --random_seed 2 --baseline_dora_directory /data/p_dsi/dhungs1/baseline_runs/clip_hba_behavior_seed2/training_artifacts/dora_params/dora_params_seed2 --baseline_random_state_path /data/p_dsi/dhungs1/baseline_runs/clip_hba_behavior_seed2/training_artifacts/random_states/random_states_seed2 --baseline_split_indices_path /data/p_dsi/dhungs1/baseline_runs/clip_hba_behavior_seed2/training_artifacts/random_states/random_states_seed2/dataset_split_indices.pth --output_base_directory /data/p_dsi/dhungs1/perturbation_length_experiments/perturb_length_experiments_baselineseed2_perturbseed1
run_073	python cvpr_train_behavior_lengths.py --model clip_hba --perturb_type random_target --perturb_epoch 40 --perturb_length 5 --perturb_distribution target --perturb_seed 1 --output_dir random_target_e40_l5 --cuda 0 --random_seed 2 --baseline_dora_directory /data/p_dsi/dhungs1/baseline_runs/clip_hba_behavior_seed2/training_artifacts/dora_params/dora_params_seed2 --baseline_random_state_path /data/p_dsi/dhungs1/baseline_runs/clip_hba_behavior_seed2/training_artifacts/random_states/random_states_seed2 --baseline_split_indices_path /data/p_dsi/dhungs1/baseline_runs/clip_hba_behavior_seed2/training_artifacts/random_states/random_states_seed2/dataset_split_indices.pth --output_base_directory /data/p_dsi/dhungs1/perturbation_length_experiments/perturb_length_experiments_baselineseed2_perturbseed1
run_074	python cvpr_train_behavior_lengths.py --model clip_hba --perturb_type random_target --perturb_epoch 40 --perturb_length 10 --perturb_distribution target --perturb_seed 1 --output_dir random_target_e40_l10 --cuda 0 --random_seed 2 --baseline_dora_directory /data/p_dsi/dhungs1/baseline_runs/clip_hba_behavior_seed2/training_artifacts/dora_params/dora_params_seed2 --baseline_random_state_path /data/p_dsi/dhungs1/baseline_runs/clip_hba_behavior_seed2/training_artifacts/random_states/random_states_seed2 --baseline_split_indices_path /data/p_dsi/dhungs1/baseline_runs/clip_hba_behavior_seed2/training_artifacts/random_states/random_states_seed2/dataset_split_indices.pth --output_base_directory /data/p_dsi/dhungs1/perturbation_length_experiments/perturb_length_experiments_baselineseed2_perturbseed1
run_075	python cvpr_train_behavior_lengths.py --model clip_hba --perturb_type random_target --perturb_epoch 40 --perturb_length 20 --perturb_distribution target --perturb_seed 1 --output_dir random_target_e40_l20 --cuda 0 --random_seed 2 --baseline_dora_directory /data/p_dsi/dhungs1/baseline_runs/clip_hba_behavior_seed2/training_artifacts/dora_params/dora_params_seed2 --baseline_random_state_path /data/p_dsi/dhungs1/baseline_runs/clip_hba_behavior_seed2/training_artifacts/random_states/random_states_seed2 --baseline_split_indices_path /data/p_dsi/dhungs1/baseline_runs/clip_hba_behavior_seed2/training_artifacts/random_states/random_states_seed2/dataset_split_indices.pth --output_base_directory /data/p_dsi/dhungs1/perturbation_length_experiments/perturb_length_experiments_baselineseed2_perturbseed1
run_076	python cvpr_train_behavior_lengths.py --model clip_hba --perturb_type random_target --perturb_epoch 40 --perturb_length 30 --perturb_distribution target --perturb_seed 1 --output_dir random_target_e40_l30 --cuda 0 --random_seed 2 --baseline_dora_directory /data/p_dsi/dhungs1/baseline_runs/clip_hba_behavior_seed2/training_artifacts/dora_params/dora_params_seed2 --baseline_random_state_path /data/p_dsi/dhungs1/baseline_runs/clip_hba_behavior_seed2/training_artifacts/random_states/random_states_seed2 --baseline_split_indices_path /data/p_dsi/dhungs1/baseline_runs/clip_hba_behavior_seed2/training_artifacts/random_states/random_states_seed2/dataset_split_indices.pth --output_base_directory /data/p_dsi/dhungs1/perturbation_length_experiments/perturb_length_experiments_baselineseed2_perturbseed1
run_077	python cvpr_train_behavior_lengths.py --model clip_hba --perturb_type random_target --perturb_epoch 40 --perturb_length 40 --perturb_distribution target --perturb_seed 1 --output_dir random_target_e40_l40 --cuda 0 --random_seed 2 --baseline_dora_directory /data/p_dsi/dhungs1/baseline_runs/clip_hba_behavior_seed2/training_artifacts/dora_params/dora_params_seed2 --baseline_random_state_path /data/p_dsi/dhungs1/baseline_runs/clip_hba_behavior_seed2/training_artifacts/random_states/random_states_seed2 --baseline_split_indices_path /data/p_dsi/dhungs1/baseline_runs/clip_hba_behavior_seed2/training_artifacts/random_states/random_states_seed2/dataset_split_indices.pth --output_base_directory /data/p_dsi/dhungs1/perturbation_length_experiments/perturb_length_experiments_baselineseed2_perturbseed1
run_078	python cvpr_train_behavior_lengths.py --model clip_hba --perturb_type random_target --perturb_epoch 40 --perturb_length 50 --perturb_distribution target --perturb_seed 1 --output_dir random_target_e40_l50 --cuda 0 --random_seed 2 --baseline_dora_directory /data/p_dsi/dhungs1/baseline_runs/clip_hba_behavior_seed2/training_artifacts/dora_params/dora_params_seed2 --baseline_random_state_path /data/p_dsi/dhungs1/baseline_runs/clip_hba_behavior_seed2/training_artifacts/random_states/random_states_seed2 --baseline_split_indices_path /data/p_dsi/dhungs1/baseline_runs/clip_hba_behavior_seed2/training_artifacts/random_states/random_states_seed2/dataset_split_indices.pth --output_base_directory /data/p_dsi/dhungs1/perturbation_length_experiments/perturb_length_experiments_baselineseed2_perturbseed1
run_079	python cvpr_train_behavior_lengths.py --model clip_hba --perturb_type random_target --perturb_epoch 50 --perturb_length 5 --perturb_distribution target --perturb_seed 1 --output_dir random_target_e50_l5 --cuda 0 --random_seed 2 --baseline_dora_directory /data/p_dsi/dhungs1/baseline_runs/clip_hba_behavior_seed2/training_artifacts/dora_params/dora_params_seed2 --baseline_random_state_path /data/p_dsi/dhungs1/baseline_runs/clip_hba_behavior_seed2/training_artifacts/random_states/random_states_seed2 --baseline_split_indices_path /data/p_dsi/dhungs1/baseline_runs/clip_hba_behavior_seed2/training_artifacts/random_states/random_states_seed2/dataset_split_indices.pth --output_base_directory /data/p_dsi/dhungs1/perturbation_length_experiments/perturb_length_experiments_baselineseed2_perturbseed1
run_080	python cvpr_train_behavior_lengths.py --model clip_hba --perturb_type random_target --perturb_epoch 50 --perturb_length 10 --perturb_distribution target --perturb_seed 1 --output_dir random_target_e50_l10 --cuda 0 --random_seed 2 --baseline_dora_directory /data/p_dsi/dhungs1/baseline_runs/clip_hba_behavior_seed2/training_artifacts/dora_params/dora_params_seed2 --baseline_random_state_path /data/p_dsi/dhungs1/baseline_runs/clip_hba_behavior_seed2/training_artifacts/random_states/random_states_seed2 --baseline_split_indices_path /data/p_dsi/dhungs1/baseline_runs/clip_hba_behavior_seed2/training_artifacts/random_states/random_states_seed2/dataset_split_indices.pth --output_base_directory /data/p_dsi/dhungs1/perturbation_length_experiments/perturb_length_experiments_baselineseed2_perturbseed1
run_081	python cvpr_train_behavior_lengths.py --model clip_hba --perturb_type random_target --perturb_epoch 50 --perturb_length 20 --perturb_distribution target --perturb_seed 1 --output_dir random_target_e50_l20 --cuda 0 --random_seed 2 --baseline_dora_directory /data/p_dsi/dhungs1/baseline_runs/clip_hba_behavior_seed2/training_artifacts/dora_params/dora_params_seed2 --baseline_random_state_path /data/p_dsi/dhungs1/baseline_runs/clip_hba_behavior_seed2/training_artifacts/random_states/random_states_seed2 --baseline_split_indices_path /data/p_dsi/dhungs1/baseline_runs/clip_hba_behavior_seed2/training_artifacts/random_states/random_states_seed2/dataset_split_indices.pth --output_base_directory /data/p_dsi/dhungs1/perturbation_length_experiments/perturb_length_experiments_baselineseed2_perturbseed1
run_082	python cvpr_train_behavior_lengths.py --model clip_hba --perturb_type random_target --perturb_epoch 50 --perturb_length 30 --perturb_distribution target --perturb_seed 1 --output_dir random_target_e50_l30 --cuda 0 --random_seed 2 --baseline_dora_directory /data/p_dsi/dhungs1/baseline_runs/clip_hba_behavior_seed2/training_artifacts/dora_params/dora_params_seed2 --baseline_random_state_path /data/p_dsi/dhungs1/baseline_runs/clip_hba_behavior_seed2/training_artifacts/random_states/random_states_seed2 --baseline_split_indices_path /data/p_dsi/dhungs1/baseline_runs/clip_hba_behavior_seed2/training_artifacts/random_states/random_states_seed2/dataset_split_indices.pth --output_base_directory /data/p_dsi/dhungs1/perturbation_length_experiments/perturb_length_experiments_baselineseed2_perturbseed1
run_083	python cvpr_train_behavior_lengths.py --model clip_hba --perturb_type random_target --perturb_epoch 50 --perturb_length 40 --perturb_distribution target --perturb_seed 1 --output_dir random_target_e50_l40 --cuda 0 --random_seed 2 --baseline_dora_directory /data/p_dsi/dhungs1/baseline_runs/clip_hba_behavior_seed2/training_artifacts/dora_params/dora_params_seed2 --baseline_random_state_path /data/p_dsi/dhungs1/baseline_runs/clip_hba_behavior_seed2/training_artifacts/random_states/random_states_seed2 --baseline_split_indices_path /data/p_dsi/dhungs1/baseline_runs/clip_hba_behavior_seed2/training_artifacts/random_states/random_states_seed2/dataset_split_indices.pth --output_base_directory /data/p_dsi/dhungs1/perturbation_length_experiments/perturb_length_experiments_baselineseed2_perturbseed1
run_084	python cvpr_train_behavior_lengths.py --model clip_hba --perturb_type random_target --perturb_epoch 50 --perturb_length 50 --perturb_distribution target --perturb_seed 1 --output_dir random_target_e50_l50 --cuda 0 --random_seed 2 --baseline_dora_directory /data/p_dsi/dhungs1/baseline_runs/clip_hba_behavior_seed2/training_artifacts/dora_params/dora_params_seed2 --baseline_random_state_path /data/p_dsi/dhungs1/baseline_runs/clip_hba_behavior_seed2/training_artifacts/random_states/random_states_seed2 --baseline_split_indices_path /data/p_dsi/dhungs1/baseline_runs/clip_hba_behavior_seed2/training_artifacts/random_states/random_states_seed2/dataset_split_indices.pth --output_base_directory /data/p_dsi/dhungs1/perturbation_length_experiments/perturb_length_experiments_baselineseed2_perturbseed1
run_085	python cvpr_train_behavior_lengths.py --model clip_hba --perturb_type random_target --perturb_epoch 60 --perturb_length 5 --perturb_distribution target --perturb_seed 1 --output_dir random_target_e60_l5 --cuda 0 --random_seed 2 --baseline_dora_directory /data/p_dsi/dhungs1/baseline_runs/clip_hba_behavior_seed2/training_artifacts/dora_params/dora_params_seed2 --baseline_random_state_path /data/p_dsi/dhungs1/baseline_runs/clip_hba_behavior_seed2/training_artifacts/random_states/random_states_seed2 --baseline_split_indices_path /data/p_dsi/dhungs1/baseline_runs/clip_hba_behavior_seed2/training_artifacts/random_states/random_states_seed2/dataset_split_indices.pth --output_base_directory /data/p_dsi/dhungs1/perturbation_length_experiments/perturb_length_experiments_baselineseed2_perturbseed1
run_086	python cvpr_train_behavior_lengths.py --model clip_hba --perturb_type random_target --perturb_epoch 60 --perturb_length 10 --perturb_distribution target --perturb_seed 1 --output_dir random_target_e60_l10 --cuda 0 --random_seed 2 --baseline_dora_directory /data/p_dsi/dhungs1/baseline_runs/clip_hba_behavior_seed2/training_artifacts/dora_params/dora_params_seed2 --baseline_random_state_path /data/p_dsi/dhungs1/baseline_runs/clip_hba_behavior_seed2/training_artifacts/random_states/random_states_seed2 --baseline_split_indices_path /data/p_dsi/dhungs1/baseline_runs/clip_hba_behavior_seed2/training_artifacts/random_states/random_states_seed2/dataset_split_indices.pth --output_base_directory /data/p_dsi/dhungs1/perturbation_length_experiments/perturb_length_experiments_baselineseed2_perturbseed1
run_087	python cvpr_train_behavior_lengths.py --model clip_hba --perturb_type random_target --perturb_epoch 60 --perturb_length 20 --perturb_distribution target --perturb_seed 1 --output_dir random_target_e60_l20 --cuda 0 --random_seed 2 --baseline_dora_directory /data/p_dsi/dhungs1/baseline_runs/clip_hba_behavior_seed2/training_artifacts/dora_params/dora_params_seed2 --baseline_random_state_path /data/p_dsi/dhungs1/baseline_runs/clip_hba_behavior_seed2/training_artifacts/random_states/random_states_seed2 --baseline_split_indices_path /data/p_dsi/dhungs1/baseline_runs/clip_hba_behavior_seed2/training_artifacts/random_states/random_states_seed2/dataset_split_indices.pth --output_base_directory /data/p_dsi/dhungs1/perturbation_length_experiments/perturb_length_experiments_baselineseed2_perturbseed1
run_088	python cvpr_train_behavior_lengths.py --model clip_hba --perturb_type random_target --perturb_epoch 60 --perturb_length 30 --perturb_distribution target --perturb_seed 1 --output_dir random_target_e60_l30 --cuda 0 --random_seed 2 --baseline_dora_directory /data/p_dsi/dhungs1/baseline_runs/clip_hba_behavior_seed2/training_artifacts/dora_params/dora_params_seed2 --baseline_random_state_path /data/p_dsi/dhungs1/baseline_runs/clip_hba_behavior_seed2/training_artifacts/random_states/random_states_seed2 --baseline_split_indices_path /data/p_dsi/dhungs1/baseline_runs/clip_hba_behavior_seed2/training_artifacts/random_states/random_states_seed2/dataset_split_indices.pth --output_base_directory /data/p_dsi/dhungs1/perturbation_length_experiments/perturb_length_experiments_baselineseed2_perturbseed1
run_089	python cvpr_train_behavior_lengths.py --model clip_hba --perturb_type random_target --perturb_epoch 60 --perturb_length 40 --perturb_distribution target --perturb_seed 1 --output_dir random_target_e60_l40 --cuda 0 --random_seed 2 --baseline_dora_directory /data/p_dsi/dhungs1/baseline_runs/clip_hba_behavior_seed2/training_artifacts/dora_params/dora_params_seed2 --baseline_random_state_path /data/p_dsi/dhungs1/baseline_runs/clip_hba_behavior_seed2/training_artifacts/random_states/random_states_seed2 --baseline_split_indices_path /data/p_dsi/dhungs1/baseline_runs/clip_hba_behavior_seed2/training_artifacts/random_states/random_states_seed2/dataset_split_indices.pth --output_base_directory /data/p_dsi/dhungs1/perturbation_length_experiments/perturb_length_experiments_baselineseed2_perturbseed1
run_090	python cvpr_train_behavior_lengths.py --model clip_hba --perturb_type random_target --perturb_epoch 60 --perturb_length 50 --perturb_distribution target --perturb_seed 1 --output_dir random_target_e60_l50 --cuda 0 --random_seed 2 --baseline_dora_directory /data/p_dsi/dhungs1/baseline_runs/clip_hba_behavior_seed2/training_artifacts/dora_params/dora_params_seed2 --baseline_random_state_path /data/p_dsi/dhungs1/baseline_runs/clip_hba_behavior_seed2/training_artifacts/random_states/random_states_seed2 --baseline_split_indices_path /data/p_dsi/dhungs1/baseline_runs/clip_hba_behavior_seed2/training_artifacts/random_states/random_states_seed2/dataset_split_indices.pth --output_base_directory /data/p_dsi/dhungs1/perturbation_length_experiments/perturb_length_experiments_baselineseed2_perturbseed1
run_091	python cvpr_train_behavior_lengths.py --model clip_hba --perturb_type random_target --perturb_epoch 70 --perturb_length 5 --perturb_distribution target --perturb_seed 1 --output_dir random_target_e70_l5 --cuda 0 --random_seed 2 --baseline_dora_directory /data/p_dsi/dhungs1/baseline_runs/clip_hba_behavior_seed2/training_artifacts/dora_params/dora_params_seed2 --baseline_random_state_path /data/p_dsi/dhungs1/baseline_runs/clip_hba_behavior_seed2/training_artifacts/random_states/random_states_seed2 --baseline_split_indices_path /data/p_dsi/dhungs1/baseline_runs/clip_hba_behavior_seed2/training_artifacts/random_states/random_states_seed2/dataset_split_indices.pth --output_base_directory /data/p_dsi/dhungs1/perturbation_length_experiments/perturb_length_experiments_baselineseed2_perturbseed1
run_092	python cvpr_train_behavior_lengths.py --model clip_hba --perturb_type random_target --perturb_epoch 70 --perturb_length 10 --perturb_distribution target --perturb_seed 1 --output_dir random_target_e70_l10 --cuda 0 --random_seed 2 --baseline_dora_directory /data/p_dsi/dhungs1/baseline_runs/clip_hba_behavior_seed2/training_artifacts/dora_params/dora_params_seed2 --baseline_random_state_path /data/p_dsi/dhungs1/baseline_runs/clip_hba_behavior_seed2/training_artifacts/random_states/random_states_seed2 --baseline_split_indices_path /data/p_dsi/dhungs1/baseline_runs/clip_hba_behavior_seed2/training_artifacts/random_states/random_states_seed2/dataset_split_indices.pth --output_base_directory /data/p_dsi/dhungs1/perturbation_length_experiments/perturb_length_experiments_baselineseed2_perturbseed1
run_093	python cvpr_train_behavior_lengths.py --model clip_hba --perturb_type random_target --perturb_epoch 70 --perturb_length 20 --perturb_distribution target --perturb_seed 1 --output_dir random_target_e70_l20 --cuda 0 --random_seed 2 --baseline_dora_directory /data/p_dsi/dhungs1/baseline_runs/clip_hba_behavior_seed2/training_artifacts/dora_params/dora_params_seed2 --baseline_random_state_path /data/p_dsi/dhungs1/baseline_runs/clip_hba_behavior_seed2/training_artifacts/random_states/random_states_seed2 --baseline_split_indices_path /data/p_dsi/dhungs1/baseline_runs/clip_hba_behavior_seed2/training_artifacts/random_states/random_states_seed2/dataset_split_indices.pth --output_base_directory /data/p_dsi/dhungs1/perturbation_length_experiments/perturb_length_experiments_baselineseed2_perturbseed1
run_094	python cvpr_train_behavior_lengths.py --model clip_hba --perturb_type random_target --perturb_epoch 70 --perturb_length 30 --perturb_distribution target --perturb_seed 1 --output_dir random_target_e70_l30 --cuda 0 --random_seed 2 --baseline_dora_directory /data/p_dsi/dhungs1/baseline_runs/clip_hba_behavior_seed2/training_artifacts/dora_params/dora_params_seed2 --baseline_random_state_path /data/p_dsi/dhungs1/baseline_runs/clip_hba_behavior_seed2/training_artifacts/random_states/random_states_seed2 --baseline_split_indices_path /data/p_dsi/dhungs1/baseline_runs/clip_hba_behavior_seed2/training_artifacts/random_states/random_states_seed2/dataset_split_indices.pth --output_base_directory /data/p_dsi/dhungs1/perturbation_length_experiments/perturb_length_experiments_baselineseed2_perturbseed1
run_095	python cvpr_train_behavior_lengths.py --model clip_hba --perturb_type random_target --perturb_epoch 70 --perturb_length 40 --perturb_distribution target --perturb_seed 1 --output_dir random_target_e70_l40 --cuda 0 --random_seed 2 --baseline_dora_directory /data/p_dsi/dhungs1/baseline_runs/clip_hba_behavior_seed2/training_artifacts/dora_params/dora_params_seed2 --baseline_random_state_path /data/p_dsi/dhungs1/baseline_runs/clip_hba_behavior_seed2/training_artifacts/random_states/random_states_seed2 --baseline_split_indices_path /data/p_dsi/dhungs1/baseline_runs/clip_hba_behavior_seed2/training_artifacts/random_states/random_states_seed2/dataset_split_indices.pth --output_base_directory /data/p_dsi/dhungs1/perturbation_length_experiments/perturb_length_experiments_baselineseed2_perturbseed1
run_096	python cvpr_train_behavior_lengths.py --model clip_hba --perturb_type random_target --perturb_epoch 70 --perturb_length 50 --perturb_distribution target --perturb_seed 1 --output_dir random_target_e70_l50 --cuda 0 --random_seed 2 --baseline_dora_directory /data/p_dsi/dhungs1/baseline_runs/clip_hba_behavior_seed2/training_artifacts/dora_params/dora_params_seed2 --baseline_random_state_path /data/p_dsi/dhungs1/baseline_runs/clip_hba_behavior_seed2/training_artifacts/random_states/random_states_seed2 --baseline_split_indices_path /data/p_dsi/dhungs1/baseline_runs/clip_hba_behavior_seed2/training_artifacts/random_states/random_states_seed2/dataset_split_indices.pth --output_base_directory /data/p_dsi/dhungs1/perturbation_length_experiments/perturb_length_experiments_baselineseed2_perturbseed1
run_097	python cvpr_train_behavior_lengths.py --model clip_hba --perturb_type random_target --perturb_epoch 80 --perturb_length 5 --perturb_distribution target --perturb_seed 1 --output_dir random_target_e80_l5 --cuda 0 --random_seed 2 --baseline_dora_directory /data/p_dsi/dhungs1/baseline_runs/clip_hba_behavior_seed2/training_artifacts/dora_params/dora_params_seed2 --baseline_random_state_path /data/p_dsi/dhungs1/baseline_runs/clip_hba_behavior_seed2/training_artifacts/random_states/random_states_seed2 --baseline_split_indices_path /data/p_dsi/dhungs1/baseline_runs/clip_hba_behavior_seed2/training_artifacts/random_states/random_states_seed2/dataset_split_indices.pth --output_base_directory /data/p_dsi/dhungs1/perturbation_length_experiments/perturb_length_experiments_baselineseed2_perturbseed1
run_098	python cvpr_train_behavior_lengths.py --model clip_hba --perturb_type random_target --perturb_epoch 80 --perturb_length 10 --perturb_distribution target --perturb_seed 1 --output_dir random_target_e80_l10 --cuda 0 --random_seed 2 --baseline_dora_directory /data/p_dsi/dhungs1/baseline_runs/clip_hba_behavior_seed2/training_artifacts/dora_params/dora_params_seed2 --baseline_random_state_path /data/p_dsi/dhungs1/baseline_runs/clip_hba_behavior_seed2/training_artifacts/random_states/random_states_seed2 --baseline_split_indices_path /data/p_dsi/dhungs1/baseline_runs/clip_hba_behavior_seed2/training_artifacts/random_states/random_states_seed2/dataset_split_indices.pth --output_base_directory /data/p_dsi/dhungs1/perturbation_length_experiments/perturb_length_experiments_baselineseed2_perturbseed1
run_099	python cvpr_train_behavior_lengths.py --model clip_hba --perturb_type random_target --perturb_epoch 80 --perturb_length 20 --perturb_distribution target --perturb_seed 1 --output_dir random_target_e80_l20 --cuda 0 --random_seed 2 --baseline_dora_directory /data/p_dsi/dhungs1/baseline_runs/clip_hba_behavior_seed2/training_artifacts/dora_params/dora_params_seed2 --baseline_random_state_path /data/p_dsi/dhungs1/baseline_runs/clip_hba_behavior_seed2/training_artifacts/random_states/random_states_seed2 --baseline_split_indices_path /data/p_dsi/dhungs1/baseline_runs/clip_hba_behavior_seed2/training_artifacts/random_states/random_states_seed2/dataset_split_indices.pth --output_base_directory /data/p_dsi/dhungs1/perturbation_length_experiments/perturb_length_experiments_baselineseed2_perturbseed1
run_100	python cvpr_train_behavior_lengths.py --model clip_hba --perturb_type random_target --perturb_epoch 80 --perturb_length 30 --perturb_distribution target --perturb_seed 1 --output_dir random_target_e80_l30 --cuda 0 --random_seed 2 --baseline_dora_directory /data/p_dsi/dhungs1/baseline_runs/clip_hba_behavior_seed2/training_artifacts/dora_params/dora_params_seed2 --baseline_random_state_path /data/p_dsi/dhungs1/baseline_runs/clip_hba_behavior_seed2/training_artifacts/random_states/random_states_seed2 --baseline_split_indices_path /data/p_dsi/dhungs1/baseline_runs/clip_hba_behavior_seed2/training_artifacts/random_states/random_states_seed2/dataset_split_indices.pth --output_base_directory /data/p_dsi/dhungs1/perturbation_length_experiments/perturb_length_experiments_baselineseed2_perturbseed1
run_101	python cvpr_train_behavior_lengths.py --model clip_hba --perturb_type random_target --perturb_epoch 80 --perturb_length 40 --perturb_distribution target --perturb_seed 1 --output_dir random_target_e80_l40 --cuda 0 --random_seed 2 --baseline_dora_directory /data/p_dsi/dhungs1/baseline_runs/clip_hba_behavior_seed2/training_artifacts/dora_params/dora_params_seed2 --baseline_random_state_path /data/p_dsi/dhungs1/baseline_runs/clip_hba_behavior_seed2/training_artifacts/random_states/random_states_seed2 --baseline_split_indices_path /data/p_dsi/dhungs1/baseline_runs/clip_hba_behavior_seed2/training_artifacts/random_states/random_states_seed2/dataset_split_indices.pth --output_base_directory /data/p_dsi/dhungs1/perturbation_length_experiments/perturb_length_experiments_baselineseed2_perturbseed1
run_102	python cvpr_train_behavior_lengths.py --model clip_hba --perturb_type random_target --perturb_epoch 80 --perturb_length 50 --perturb_distribution target --perturb_seed 1 --output_dir random_target_e80_l50 --cuda 0 --random_seed 2 --baseline_dora_directory /data/p_dsi/dhungs1/baseline_runs/clip_hba_behavior_seed2/training_artifacts/dora_params/dora_params_seed2 --baseline_random_state_path /data/p_dsi/dhungs1/baseline_runs/clip_hba_behavior_seed2/training_artifacts/random_states/random_states_seed2 --baseline_split_indices_path /data/p_dsi/dhungs1/baseline_runs/clip_hba_behavior_seed2/training_artifacts/random_states/random_states_seed2/dataset_split_indices.pth --output_base_directory /data/p_dsi/dhungs1/perturbation_length_experiments/perturb_length_experiments_baselineseed2_perturbseed1
run_103	python cvpr_train_behavior_lengths.py --model clip_hba --perturb_type random_target --perturb_epoch 90 --perturb_length 5 --perturb_distribution target --perturb_seed 1 --output_dir random_target_e90_l5 --cuda 0 --random_seed 2 --baseline_dora_directory /data/p_dsi/dhungs1/baseline_runs/clip_hba_behavior_seed2/training_artifacts/dora_params/dora_params_seed2 --baseline_random_state_path /data/p_dsi/dhungs1/baseline_runs/clip_hba_behavior_seed2/training_artifacts/random_states/random_states_seed2 --baseline_split_indices_path /data/p_dsi/dhungs1/baseline_runs/clip_hba_behavior_seed2/training_artifacts/random_states/random_states_seed2/dataset_split_indices.pth --output_base_directory /data/p_dsi/dhungs1/perturbation_length_experiments/perturb_length_experiments_baselineseed2_perturbseed1
run_104	python cvpr_train_behavior_lengths.py --model clip_hba --perturb_type random_target --perturb_epoch 90 --perturb_length 10 --perturb_distribution target --perturb_seed 1 --output_dir random_target_e90_l10 --cuda 0 --random_seed 2 --baseline_dora_directory /data/p_dsi/dhungs1/baseline_runs/clip_hba_behavior_seed2/training_artifacts/dora_params/dora_params_seed2 --baseline_random_state_path /data/p_dsi/dhungs1/baseline_runs/clip_hba_behavior_seed2/training_artifacts/random_states/random_states_seed2 --baseline_split_indices_path /data/p_dsi/dhungs1/baseline_runs/clip_hba_behavior_seed2/training_artifacts/random_states/random_states_seed2/dataset_split_indices.pth --output_base_directory /data/p_dsi/dhungs1/perturbation_length_experiments/perturb_length_experiments_baselineseed2_perturbseed1
run_105	python cvpr_train_behavior_lengths.py --model clip_hba --perturb_type random_target --perturb_epoch 90 --perturb_length 20 --perturb_distribution target --perturb_seed 1 --output_dir random_target_e90_l20 --cuda 0 --random_seed 2 --baseline_dora_directory /data/p_dsi/dhungs1/baseline_runs/clip_hba_behavior_seed2/training_artifacts/dora_params/dora_params_seed2 --baseline_random_state_path /data/p_dsi/dhungs1/baseline_runs/clip_hba_behavior_seed2/training_artifacts/random_states/random_states_seed2 --baseline_split_indices_path /data/p_dsi/dhungs1/baseline_runs/clip_hba_behavior_seed2/training_artifacts/random_states/random_states_seed2/dataset_split_indices.pth --output_base_directory /data/p_dsi/dhungs1/perturbation_length_experiments/perturb_length_experiments_baselineseed2_perturbseed1
run_106	python cvpr_train_behavior_lengths.py --model clip_hba --perturb_type random_target --perturb_epoch 90 --perturb_length 30 --perturb_distribution target --perturb_seed 1 --output_dir random_target_e90_l30 --cuda 0 --random_seed 2 --baseline_dora_directory /data/p_dsi/dhungs1/baseline_runs/clip_hba_behavior_seed2/training_artifacts/dora_params/dora_params_seed2 --baseline_random_state_path /data/p_dsi/dhungs1/baseline_runs/clip_hba_behavior_seed2/training_artifacts/random_states/random_states_seed2 --baseline_split_indices_path /data/p_dsi/dhungs1/baseline_runs/clip_hba_behavior_seed2/training_artifacts/random_states/random_states_seed2/dataset_split_indices.pth --output_base_directory /data/p_dsi/dhungs1/perturbation_length_experiments/perturb_length_experiments_baselineseed2_perturbseed1
run_107	python cvpr_train_behavior_lengths.py --model clip_hba --perturb_type random_target --perturb_epoch 90 --perturb_length 40 --perturb_distribution target --perturb_seed 1 --output_dir random_target_e90_l40 --cuda 0 --random_seed 2 --baseline_dora_directory /data/p_dsi/dhungs1/baseline_runs/clip_hba_behavior_seed2/training_artifacts/dora_params/dora_params_seed2 --baseline_random_state_path /data/p_dsi/dhungs1/baseline_runs/clip_hba_behavior_seed2/training_artifacts/random_states/random_states_seed2 --baseline_split_indices_path /data/p_dsi/dhungs1/baseline_runs/clip_hba_behavior_seed2/training_artifacts/random_states/random_states_seed2/dataset_split_indices.pth --output_base_directory /data/p_dsi/dhungs1/perturbation_length_experiments/perturb_length_experiments_baselineseed2_perturbseed1
run_108	python cvpr_train_behavior_lengths.py --model clip_hba --perturb_type random_target --perturb_epoch 90 --perturb_length 50 --perturb_distribution target --perturb_seed 1 --output_dir random_target_e90_l50 --cuda 0 --random_seed 2 --baseline_dora_directory /data/p_dsi/dhungs1/baseline_runs/clip_hba_behavior_seed2/training_artifacts/dora_params/dora_params_seed2 --baseline_random_state_path /data/p_dsi/dhungs1/baseline_runs/clip_hba_behavior_seed2/training_artifacts/random_states/random_states_seed2 --baseline_split_indices_path /data/p_dsi/dhungs1/baseline_runs/clip_hba_behavior_seed2/training_artifacts/random_states/random_states_seed2/dataset_split_indices.pth --output_base_directory /data/p_dsi/dhungs1/perturbation_length_experiments/perturb_length_experiments_baselineseed2_perturbseed1
