,concept,session,run,subject_id,trial_id,stimulus
0,acorn,1,9,1,676,acorn_12s.jpg
1,airbag,1,2,1,139,airbag_12s.jpg
2,aircraft_carrier,1,6,1,452,aircraft_carrier_12s.jpg
3,airplane,1,2,1,130,airplane_12n.jpg
4,alligator,1,6,1,479,alligator_12s.jpg
5,aloe,1,8,1,607,aloe_12n.jpg
6,altar,1,1,1,12,altar_12s.jpg
7,aluminum_foil,1,6,1,439,aluminum_foil_12s.jpg
8,anchor,1,10,1,739,anchor_12s.jpg
9,anklet,1,2,1,117,anklet_12s.jpg
10,ant,1,6,1,416,ant_12s.jpg
11,anteater,1,6,1,420,anteater_12s.jpg
12,antelope,1,8,1,649,antelope_12n.jpg
13,antenna,1,4,1,265,antenna_12s.jpg
14,anvil,1,9,1,698,anvil_12n.jpg
15,apple,1,4,1,315,apple_12s.jpg
16,applesauce,1,10,1,788,applesauce_12s.jpg
17,artichoke,1,2,1,114,artichoke_12s.jpg
18,ashtray,1,2,1,162,ashtray_12s.jpg
19,asparagus,1,1,1,32,asparagus_12s.jpg
20,avocado,1,7,1,508,avocado_12s.jpg
21,axe,1,8,1,578,axe_12n.jpg
22,baby,1,8,1,586,baby_12s.jpg
23,backpack,1,2,1,89,backpack_12s.jpg
24,bag,1,2,1,92,bag_12s.jpg
25,bagel,1,7,1,526,bagel_12s.jpg
26,ball,1,5,1,356,ball_12s.jpg
27,balloon,1,7,1,542,balloon_12s.jpg
28,bamboo,1,4,1,266,bamboo_12s.jpg
29,banana,1,1,1,40,banana_12s.jpg
30,banana_split,1,8,1,612,banana_split_12s.jpg
31,bandage,1,3,1,211,bandage_12s.jpg
32,banner,1,9,1,720,banner_12s.jpg
33,barnacle,1,5,1,351,barnacle_12n.jpg
34,barrel,1,6,1,442,barrel_12s.jpg
35,basket,1,8,1,603,basket_12s.jpg
36,bassinet,1,8,1,639,bassinet_12s.jpg
37,battery,1,9,1,728,battery_12s.jpg
38,beachball,1,8,1,601,beachball_12s.jpg
39,beaker,1,1,1,13,beaker_12s.jpg
40,bean,1,9,1,673,bean_12s.jpg
41,bear,1,8,1,588,bear_12s.jpg
42,beaver,1,3,1,234,beaver_12s.jpg
43,bed,1,3,1,173,bed_12s.jpg
44,bee,1,9,1,686,bee_12s.jpg
45,beer,1,3,1,221,beer_12s.jpg
46,beet,1,5,1,337,beet_12s.jpg
47,beetle,1,10,1,761,beetle_12s.jpg
48,bell,1,6,1,418,bell_12s.jpg
49,bench,1,6,1,482,bench_12s.jpg
50,bib,1,1,1,11,bib_12s.jpg
51,bike,1,9,1,705,bike_12n.jpg
52,binoculars,1,9,1,682,binoculars_12s.jpg
53,bird,1,9,1,710,bird_12s.jpg
54,birdcage,1,5,1,394,birdcage_12s.jpg
55,birdhouse,1,2,1,93,birdhouse_12s.jpg
56,bison,1,3,1,210,bison_12s.jpg
57,blackberry,1,1,1,59,blackberry_12s.jpg
58,blanket,1,8,1,580,blanket_12s.jpg
59,blazer,1,7,1,500,blazer_12s.jpg
60,blender,1,1,1,55,blender_12s.jpg
61,blimp,1,4,1,252,blimp_12s.jpg
62,blind,1,1,1,69,blind_12s.jpg
63,blowtorch,1,6,1,431,blowtorch_12n.jpg
64,blueberry,1,8,1,642,blueberry_12n.jpg
65,boa,1,10,1,786,boa_12s.jpg
66,boar,1,4,1,304,boar_12s.jpg
67,boat,1,8,1,651,boat_12s.jpg
68,bobsled,1,7,1,571,bobsled_12s.jpg
69,bolt,1,2,1,85,bolt_12s.jpg
70,book,1,2,1,125,book_12s.jpg
71,boot,1,2,1,84,boot_12s.jpg
72,bottle,1,7,1,545,bottle_12s.jpg
73,bow2,1,8,1,625,bow2_12s.jpg
74,bowl,1,4,1,307,bowl_12s.jpg
75,boxer_shorts,1,7,1,516,boxer_shorts_12s.jpg
76,boxing_gloves,1,3,1,195,boxing_gloves_12s.jpg
77,boy,1,7,1,498,boy_12s.jpg
78,brace,1,10,1,819,brace_12s.jpg
79,bracelet2,1,10,1,758,bracelet2_12s.jpg
80,bracket,1,2,1,142,bracket_12s.jpg
81,bread,1,6,1,456,bread_12s.jpg
82,breadbox,1,1,1,45,breadbox_12s.jpg
83,breadstick,1,4,1,286,breadstick_12s.jpg
84,broccoli,1,4,1,311,broccoli_12s.jpg
85,broom,1,8,1,598,broom_12s.jpg
86,brownie,1,1,1,73,brownie_12s.jpg
87,brush,1,1,1,33,brush_12s.jpg
88,bubble,1,5,1,389,bubble_12s.jpg
89,bucket,1,4,1,271,bucket_12s.jpg
90,buggy,1,7,1,573,buggy_12s.jpg
91,bulldozer,1,6,1,438,bulldozer_12s.jpg
92,bullet,1,4,1,257,bullet_12n.jpg
93,bumper,1,10,1,747,bumper_12s.jpg
94,bungee,1,6,1,428,bungee_12s.jpg
95,bunkbed,1,9,1,668,bunkbed_12s.jpg
96,burner,1,9,1,693,burner_12n.jpg
97,burrito,1,4,1,279,burrito_12s.jpg
98,bus,1,2,1,141,bus_12n.jpg
99,butterfly,1,8,1,611,butterfly_12n.jpg
100,cabbage,1,5,1,374,cabbage_12s.jpg
101,cactus,1,3,1,182,cactus_12s.jpg
102,cage,1,2,1,87,cage_12s.jpg
103,cake,1,10,1,802,cake_12s.jpg
104,calculator,1,9,1,659,calculator_12s.jpg
105,camcorder,1,4,1,310,camcorder_12s.jpg
106,camel,1,6,1,477,camel_12s.jpg
107,camera1,1,9,1,718,camera1_12s.jpg
108,camera2,1,9,1,723,camera2_12s.jpg
109,candelabra,1,3,1,197,candelabra_12s.jpg
110,candle,1,2,1,105,candle_12n.jpg
111,candy,1,8,1,592,candy_12s.jpg
112,candy_bar,1,9,1,690,candy_bar_12s.jpg
113,cane,1,6,1,483,cane_12s.jpg
114,cannon,1,5,1,355,cannon_12n.jpg
115,canoe,1,1,1,18,canoe_12s.jpg
116,canvas,1,4,1,293,canvas_12s.jpg
117,car,1,8,1,590,car_12s.jpg
118,cardigan,1,1,1,35,cardigan_12s.jpg
119,carousel,1,7,1,562,carousel_12s.jpg
120,carrot,1,5,1,332,carrot_12s.jpg
121,cashew,1,6,1,460,cashew_12s.jpg
122,cassette,1,5,1,390,cassette_12s.jpg
123,cat,1,3,1,206,cat_12s.jpg
124,caterpillar,1,3,1,169,caterpillar_12s.jpg
125,cauliflower,1,10,1,745,cauliflower_12s.jpg
126,celery,1,3,1,239,celery_12n.jpg
127,cellphone,1,7,1,560,cellphone_12s.jpg
128,chair,1,6,1,455,chair_12s.jpg
129,chalice,1,3,1,217,chalice_12s.jpg
130,chalk,1,8,1,599,chalk_12s.jpg
131,chalkboard,1,8,1,654,chalkboard_12s.jpg
132,chandelier,1,3,1,178,chandelier_12s.jpg
133,cheese,1,7,1,510,cheese_12s.jpg
134,cheetah,1,4,1,283,cheetah_12s.jpg
135,cherry,1,9,1,687,cherry_12s.jpg
136,chess_piece,1,1,1,30,chess_piece_12s.jpg
137,chest1,1,4,1,285,chest1_12s.jpg
138,chest2,1,3,1,215,chest2_12s.jpg
139,chicken_wire,1,1,1,8,chicken_wire_12s.jpg
140,chili,1,2,1,163,chili_12s.jpg
141,chin,1,8,1,614,chin_12s.jpg
142,chinchilla,1,3,1,242,chinchilla_12s.jpg
143,chip,1,1,1,50,chip_12s.jpg
144,chipmunk,1,10,1,741,chipmunk_12s.jpg
145,chocolate,1,3,1,172,chocolate_12s.jpg
146,christmas_tree,1,5,1,335,christmas_tree_12s.jpg
147,cinnamon,1,10,1,789,cinnamon_12s.jpg
148,clarinet,1,5,1,328,clarinet_12s.jpg
149,clay,1,8,1,646,clay_12s.jpg
150,clipboard,1,1,1,67,clipboard_12s.jpg
151,clock,1,7,1,565,clock_12n.jpg
152,closet,1,7,1,517,closet_12s.jpg
153,coat,1,9,1,662,coat_12s.jpg
154,coat_rack,1,10,1,795,coat_rack_12s.jpg
155,cockroach,1,5,1,362,cockroach_12s.jpg
156,coconut,1,8,1,623,coconut_12s.jpg
157,coffee_pot,1,2,1,122,coffee_pot_12s.jpg
158,coffin,1,10,1,817,coffin_12s.jpg
159,coin,1,3,1,204,coin_12s.jpg
160,coleslaw,1,1,1,52,coleslaw_12s.jpg
161,comb,1,4,1,275,comb_12s.jpg
162,compass,1,9,1,700,compass_12n.jpg
163,computer,1,8,1,633,computer_12s.jpg
164,computer_screen,1,8,1,606,computer_screen_12s.jpg
165,confetti,1,2,1,152,confetti_12s.jpg
166,contact_lens,1,9,1,681,contact_lens_12s.jpg
167,cookie,1,3,1,231,cookie_12s.jpg
168,copier,1,10,1,775,copier_12s.jpg
169,cork,1,9,1,711,cork_12s.jpg
170,corkscrew,1,6,1,488,corkscrew_12s.jpg
171,corn,1,7,1,552,corn_12s.jpg
172,cotton_candy,1,8,1,632,cotton_candy_12s.jpg
173,couch,1,5,1,342,couch_12s.jpg
174,coverall,1,10,1,751,coverall_12s.jpg
175,cow,1,1,1,10,cow_12s.jpg
176,cranberry,1,1,1,68,cranberry_12s.jpg
177,crank,1,9,1,733,crank_12s.jpg
178,crate,1,5,1,387,crate_12s.jpg
179,crayfish,1,1,1,6,crayfish_12s.jpg
180,crayon,1,7,1,570,crayon_12s.jpg
181,credit_card,1,9,1,729,credit_card_12s.jpg
182,crib,1,10,1,755,crib_12s.jpg
183,croissant,1,2,1,112,croissant_12s.jpg
184,crouton,1,3,1,241,crouton_12s.jpg
185,crowbar,1,10,1,743,crowbar_12s.jpg
186,crown,1,8,1,641,crown_12s.jpg
187,crutch,1,4,1,312,crutch_12s.jpg
188,crystal1,1,8,1,648,crystal1_12s.jpg
189,cucumber,1,7,1,536,cucumber_12s.jpg
190,cufflink,1,5,1,358,cufflink_12s.jpg
191,cup,1,2,1,128,cup_12s.jpg
192,cupcake,1,3,1,165,cupcake_12s.jpg
193,curtain,1,2,1,132,curtain_12s.jpg
194,cymbal,1,3,1,175,cymbal_12s.jpg
195,dashboard,1,10,1,778,dashboard_12s.jpg
196,deer,1,7,1,541,deer_12s.jpg
197,defibrillator,1,8,1,640,defibrillator_12s.jpg
198,desk,1,8,1,636,desk_12s.jpg
199,diaper,1,10,1,807,diaper_12s.jpg
200,dice,1,4,1,284,dice_12s.jpg
201,dish,1,1,1,23,dish_12s.jpg
202,dishrag,1,2,1,107,dishrag_12s.jpg
203,dishwasher,1,6,1,470,dishwasher_12n.jpg
204,dog,1,1,1,0,dog_12s.jpg
205,doll,1,8,1,637,doll_12s.jpg
206,dollhouse,1,1,1,77,dollhouse_12s.jpg
207,dolly,1,7,1,556,dolly_12s.jpg
208,dolphin,1,8,1,605,dolphin_12s.jpg
209,donkey,1,4,1,323,donkey_12s.jpg
210,donut,1,4,1,321,donut_12s.jpg
211,doormat,1,4,1,295,doormat_12s.jpg
212,dough,1,6,1,480,dough_12s.jpg
213,dragonfly,1,2,1,143,dragonfly_12s.jpg
214,drain,1,6,1,432,drain_12s.jpg
215,drawer,1,1,1,38,drawer_12s.jpg
216,dress,1,4,1,288,dress_12s.jpg
217,dresser,1,6,1,430,dresser_12n.jpg
218,drill,1,6,1,411,drill_12s.jpg
219,drum,1,1,1,29,drum_12s.jpg
220,duster,1,9,1,697,duster_12s.jpg
221,dustpan,1,8,1,587,dustpan_12s.jpg
222,earring,1,7,1,497,earring_12s.jpg
223,earwig,1,10,1,777,earwig_12s.jpg
224,easel,1,5,1,366,easel_12s.jpg
225,egg,1,6,1,412,egg_12s.jpg
226,egg_roll,1,8,1,579,egg_roll_12n.jpg
227,eggbeater,1,9,1,688,eggbeater_12s.jpg
228,eggplant,1,7,1,531,eggplant_12s.jpg
229,elbow,1,4,1,258,elbow_12s.jpg
230,elephant,1,7,1,507,elephant_12n.jpg
231,emerald,1,6,1,461,emerald_12s.jpg
232,envelope,1,9,1,726,envelope_12s.jpg
233,extinguisher,1,9,1,694,extinguisher_12s.jpg
234,eyedropper,1,7,1,522,eyedropper_12s.jpg
235,eyepiece,1,3,1,164,eyepiece_12s.jpg
236,face,1,7,1,555,face_12s.jpg
237,face_mask,1,5,1,334,face_mask_12s.jpg
238,fence,1,8,1,653,fence_12s.jpg
239,fern,1,9,1,707,fern_12s.jpg
240,ferret,1,7,1,524,ferret_12s.jpg
241,ferris_wheel,1,8,1,635,ferris_wheel_12s.jpg
242,fig,1,2,1,151,fig_12s.jpg
243,filing_cabinet,1,2,1,103,filing_cabinet_12s.jpg
244,fire,1,10,1,750,fire_12s.jpg
245,firetruck,1,5,1,353,firetruck_12s.jpg
246,fireworks,1,5,1,402,fireworks_12s.jpg
247,fish,1,10,1,785,fish_12s.jpg
248,flag,1,9,1,677,flag_12s.jpg
249,flashbulb,1,8,1,615,flashbulb_12s.jpg
250,flashlight,1,7,1,539,flashlight_12s.jpg
251,floss,1,9,1,725,floss_12s.jpg
252,flower,1,2,1,94,flower_12s.jpg
253,flyswatter,1,9,1,684,flyswatter_12s.jpg
254,fondue,1,1,1,80,fondue_12s.jpg
255,football_helmet,1,3,1,219,football_helmet_12s.jpg
256,footbath,1,3,1,222,footbath_12s.jpg
257,footprint,1,3,1,167,footprint_12s.jpg
258,footrest,1,4,1,306,footrest_12s.jpg
259,forklift,1,1,1,51,forklift_12s.jpg
260,frog,1,3,1,186,frog_12s.jpg
261,fudge,1,1,1,48,fudge_12s.jpg
262,game,1,3,1,209,game_12s.jpg
263,garbage,1,6,1,414,garbage_12s.jpg
264,gargoyle,1,6,1,424,gargoyle_12s.jpg
265,garlic,1,8,1,631,garlic_12n.jpg
266,garter,1,1,1,61,garter_12s.jpg
267,gauze,1,3,1,233,gauze_12s.jpg
268,gearshift,1,4,1,281,gearshift_12n.jpg
269,gel,1,6,1,465,gel_12s.jpg
270,giraffe,1,7,1,551,giraffe_12s.jpg
271,girl,1,4,1,262,girl_12s.jpg
272,glass,1,1,1,78,glass_12s.jpg
273,go-kart,1,10,1,756,go-kart_12s.jpg
274,goalpost,1,5,1,330,goalpost_12s.jpg
275,goat,1,8,1,634,goat_12n.jpg
276,golf_cart,1,3,1,193,golf_cart_12s.jpg
277,gondola,1,1,1,27,gondola_12s.jpg
278,graffiti,1,2,1,120,graffiti_12s.jpg
279,gramophone,1,10,1,779,gramophone_12s.jpg
280,granite,1,10,1,808,granite_12s.jpg
281,granola,1,1,1,64,granola_12s.jpg
282,grape,1,8,1,645,grape_12s.jpg
283,grapefruit,1,5,1,386,grapefruit_12s.jpg
284,grasshopper,1,7,1,569,grasshopper_12s.jpg
285,grate,1,5,1,370,grate_12s.jpg
286,gravel,1,10,1,782,gravel_12n.jpg
287,gravestone,1,2,1,124,gravestone_12s.jpg
288,grenade,1,5,1,379,grenade_12s.jpg
289,grits,1,3,1,200,grits_12s.jpg
290,groundhog,1,5,1,395,groundhog_12n.jpg
291,guacamole,1,9,1,658,guacamole_12s.jpg
292,guardrail,1,5,1,329,guardrail_12s.jpg
293,guillotine,1,3,1,190,guillotine_12s.jpg
294,guitar,1,8,1,643,guitar_12s.jpg
295,gun,1,3,1,207,gun_12s.jpg
296,hairbrush,1,10,1,767,hairbrush_12s.jpg
297,hairpin,1,1,1,65,hairpin_12n.jpg
298,hamburger,1,2,1,82,hamburger_12s.jpg
299,hammer,1,5,1,381,hammer_12s.jpg
300,hammock,1,1,1,22,hammock_12s.jpg
301,hamster,1,9,1,669,hamster_12s.jpg
302,hand,1,7,1,495,hand_12s.jpg
303,handcuff,1,5,1,409,handcuff_12s.jpg
304,hanger,1,2,1,100,hanger_12s.jpg
305,hatbox,1,8,1,600,hatbox_12s.jpg
306,hay,1,8,1,604,hay_12s.jpg
307,headlamp,1,1,1,74,headlamp_12s.jpg
308,headphones,1,3,1,227,headphones_12s.jpg
309,hedge,1,10,1,742,hedge_12s.jpg
310,hedgehog,1,4,1,246,hedgehog_12s.jpg
311,helicopter,1,7,1,530,helicopter_12s.jpg
312,helmet,1,5,1,361,helmet_12s.jpg
313,highlighter,1,8,1,595,highlighter_12s.jpg
314,hip,1,5,1,339,hip_12s.jpg
315,hippopotamus,1,3,1,240,hippopotamus_12s.jpg
316,honeycomb,1,8,1,628,honeycomb_12s.jpg
317,hood,1,4,1,248,hood_12s.jpg
318,horse,1,3,1,184,horse_12s.jpg
319,horseshoe,1,3,1,220,horseshoe_12s.jpg
320,hotdog,1,3,1,245,hotdog_12s.jpg
321,hotplate,1,9,1,661,hotplate_12s.jpg
322,hourglass,1,3,1,191,hourglass_12s.jpg
323,hovercraft,1,2,1,148,hovercraft_12s.jpg
324,hula_hoop,1,3,1,225,hula_hoop_12s.jpg
325,iceskate,1,4,1,305,iceskate_12s.jpg
326,icicle,1,6,1,489,icicle_12s.jpg
327,iguana,1,4,1,270,iguana_12s.jpg
328,inhaler,1,8,1,608,inhaler_12s.jpg
329,iron,1,2,1,108,iron_12s.jpg
330,jack,1,2,1,95,jack_12s.jpg
331,jam,1,6,1,487,jam_12s.jpg
332,jar,1,7,1,494,jar_12s.jpg
333,jeans,1,5,1,354,jeans_12s.jpg
334,jellyfish,1,2,1,127,jellyfish_12s.jpg
335,jersey,1,9,1,715,jersey_12s.jpg
336,joystick,1,8,1,613,joystick_12s.jpg
337,jukebox,1,6,1,415,jukebox_12n.jpg
338,kale,1,7,1,515,kale_12s.jpg
339,kangaroo,1,10,1,791,kangaroo_12s.jpg
340,kazoo,1,2,1,86,kazoo_12s.jpg
341,kebab,1,4,1,278,kebab_12n.jpg
342,kettle,1,5,1,385,kettle_12s.jpg
343,key,1,10,1,749,key_12s.jpg
344,kimono,1,4,1,290,kimono_12s.jpg
345,kite,1,8,1,597,kite_12s.jpg
346,knife,1,1,1,14,knife_12s.jpg
347,knot,1,3,1,238,knot_12s.jpg
348,koala,1,6,1,472,koala_12s.jpg
349,ladder,1,5,1,331,ladder_12s.jpg
350,ladle,1,10,1,766,ladle_12s.jpg
351,lamp,1,2,1,109,lamp_12s.jpg
352,lampshade,1,5,1,333,lampshade_12s.jpg
353,lantern,1,10,1,748,lantern_12s.jpg
354,lasagna,1,6,1,454,lasagna_12s.jpg
355,lawnmower,1,7,1,499,lawnmower_12s.jpg
356,lectern,1,2,1,123,lectern_12s.jpg
357,leek,1,10,1,814,leek_12s.jpg
358,leggings,1,3,1,228,leggings_12s.jpg
359,lego,1,1,1,42,lego_12s.jpg
360,lemon,1,6,1,434,lemon_12s.jpg
361,lemonade,1,10,1,754,lemonade_12s.jpg
362,leopard,1,5,1,383,leopard_12s.jpg
363,lettuce,1,10,1,806,lettuce_12s.jpg
364,life_jacket,1,9,1,689,life_jacket_12s.jpg
365,lightbulb,1,5,1,359,lightbulb_12s.jpg
366,lime,1,5,1,384,lime_12s.jpg
367,limousine,1,4,1,326,limousine_12s.jpg
368,lingerie,1,10,1,797,lingerie_12s.jpg
369,lion,1,5,1,396,lion_12s.jpg
370,lip_balm,1,7,1,544,lip_balm_12s.jpg
371,lizard,1,1,1,17,lizard_12n.jpg
372,llama,1,7,1,557,llama_12s.jpg
373,lobster,1,4,1,297,lobster_12s.jpg
374,lock,1,4,1,251,lock_12s.jpg
375,locker,1,9,1,732,locker_12s.jpg
376,lollipop,1,8,1,638,lollipop_12s.jpg
377,macadamia,1,10,1,764,macadamia_12n.jpg
378,magnifying_glass,1,3,1,168,magnifying_glass_12s.jpg
379,mailbox,1,8,1,627,mailbox_12s.jpg
380,man,1,7,1,535,man_12s.jpg
381,manatee,1,4,1,273,manatee_12s.jpg
382,mandolin,1,4,1,280,mandolin_12s.jpg
383,mango,1,1,1,1,mango_12s.jpg
384,manhole,1,2,1,106,manhole_12n.jpg
385,map,1,6,1,429,map_12s.jpg
386,marijuana,1,3,1,202,marijuana_12s.jpg
387,marshmallow,1,9,1,719,marshmallow_12s.jpg
388,mascara,1,6,1,491,mascara_12s.jpg
389,mask,1,2,1,145,mask_12s.jpg
390,mast,1,7,1,521,mast_12s.jpg
391,match,1,10,1,800,match_12s.jpg
392,meat,1,8,1,616,meat_12s.jpg
393,meat_grinder,1,7,1,564,meat_grinder_12s.jpg
394,meatball,1,3,1,170,meatball_12s.jpg
395,melon,1,4,1,264,melon_12s.jpg
396,microphone,1,4,1,322,microphone_12s.jpg
397,microscope,1,7,1,518,microscope_12s.jpg
398,milk,1,10,1,774,milk_12s.jpg
399,milkshake,1,10,1,783,milkshake_12s.jpg
400,mirror,1,1,1,49,mirror_12s.jpg
401,missile,1,4,1,320,missile_12n.jpg
402,mistletoe,1,4,1,261,mistletoe_12s.jpg
403,mitten,1,6,1,490,mitten_12s.jpg
404,monkey,1,5,1,376,monkey_12s.jpg
405,moose,1,4,1,250,moose_12s.jpg
406,mop,1,1,1,76,mop_12s.jpg
407,mosquito,1,7,1,493,mosquito_12s.jpg
408,mosquito_net,1,6,1,471,mosquito_net_12s.jpg
409,moth,1,4,1,317,moth_12n.jpg
410,motorcycle,1,9,1,735,motorcycle_12s.jpg
411,mouse1,1,3,1,183,mouse1_12s.jpg
412,mousetrap,1,2,1,116,mousetrap_12s.jpg
413,mousse,1,8,1,581,mousse_12s.jpg
414,muffin,1,9,1,737,muffin_12n.jpg
415,mushroom,1,6,1,450,mushroom_12n.jpg
416,nacho,1,7,1,509,nacho_12s.jpg
417,nail_polish,1,8,1,575,nail_polish_12s.jpg
418,napkin_ring,1,6,1,427,napkin_ring_12s.jpg
419,necklace,1,1,1,37,necklace_12s.jpg
420,needle,1,9,1,734,needle_12s.jpg
421,nest,1,8,1,622,nest_12s.jpg
422,net,1,6,1,473,net_12s.jpg
423,noodle,1,7,1,540,noodle_12s.jpg
424,nose,1,2,1,137,nose_12s.jpg
425,oar,1,5,1,408,oar_12s.jpg
426,oatmeal,1,10,1,746,oatmeal_12s.jpg
427,octopus,1,3,1,176,octopus_12s.jpg
428,odometer,1,5,1,372,odometer_12s.jpg
429,okra,1,4,1,274,okra_12s.jpg
430,omelet,1,6,1,467,omelet_12s.jpg
431,onion,1,6,1,419,onion_12n.jpg
432,otter,1,6,1,453,otter_12s.jpg
433,overalls,1,2,1,119,overalls_12s.jpg
434,oyster,1,2,1,146,oyster_12s.jpg
435,pacifier,1,10,1,809,pacifier_12s.jpg
436,padlock,1,6,1,435,padlock_12s.jpg
437,paint,1,2,1,135,paint_12s.jpg
438,paintbrush,1,2,1,129,paintbrush_12s.jpg
439,pan,1,3,1,232,pan_12s.jpg
440,pancake,1,8,1,583,pancake_12s.jpg
441,panda,1,1,1,4,panda_12s.jpg
442,pantyhose,1,4,1,269,pantyhose_12s.jpg
443,papaya,1,10,1,757,papaya_12s.jpg
444,paper,1,4,1,309,paper_12s.jpg
445,paperclip,1,2,1,83,paperclip_12s.jpg
446,parachute,1,2,1,126,parachute_12s.jpg
447,parsley,1,5,1,343,parsley_12n.jpg
448,pastry,1,7,1,547,pastry_12s.jpg
449,pea,1,4,1,294,pea_12s.jpg
450,peach,1,4,1,319,peach_12s.jpg
451,peanut,1,5,1,382,peanut_12s.jpg
452,pear,1,10,1,815,pear_12s.jpg
453,pecan,1,9,1,703,pecan_12s.jpg
454,peeler,1,4,1,327,peeler_12s.jpg
455,pencil,1,10,1,790,pencil_12n.jpg
456,pencil_sharpener,1,5,1,364,pencil_sharpener_12n.jpg
457,penguin,1,8,1,594,penguin_12s.jpg
458,pepper1,1,6,1,449,pepper1_12s.jpg
459,petal,1,8,1,585,petal_12s.jpg
460,phone,1,4,1,301,phone_12s.jpg
461,piano,1,9,1,731,piano_12n.jpg
462,pickle,1,5,1,406,pickle_12s.jpg
463,pie,1,10,1,738,pie_12s.jpg
464,pig,1,9,1,674,pig_12s.jpg
465,pigeon,1,7,1,492,pigeon_12s.jpg
466,pill,1,9,1,664,pill_12s.jpg
467,pillow,1,7,1,511,pillow_12s.jpg
468,pineapple,1,2,1,160,pineapple_12s.jpg
469,ping-pong_table,1,1,1,58,ping-pong_table_12s.jpg
470,pinwheel,1,9,1,727,pinwheel_12s.jpg
471,pistachio,1,6,1,462,pistachio_12s.jpg
472,pizza,1,3,1,203,pizza_12s.jpg
473,plastic_film,1,7,1,533,plastic_film_12s.jpg
474,plate,1,5,1,345,plate_12s.jpg
475,platypus,1,9,1,666,platypus_12s.jpg
476,playing_card,1,3,1,237,playing_card_12s.jpg
477,pliers,1,7,1,519,pliers_12s.jpg
478,plum,1,3,1,174,plum_12s.jpg
479,pocket,1,4,1,318,pocket_12s.jpg
480,pocketknife,1,7,1,553,pocketknife_12s.jpg
481,pogo_stick,1,1,1,54,pogo_stick_12s.jpg
482,polaroid,1,7,1,528,polaroid_12s.jpg
483,pom-pom,1,10,1,811,pom-pom_12s.jpg
484,pomegranate,1,5,1,397,pomegranate_12s.jpg
485,popcorn,1,8,1,619,popcorn_12n.jpg
486,popsicle,1,5,1,341,popsicle_12s.jpg
487,porcupine,1,7,1,568,porcupine_12s.jpg
488,possum,1,3,1,166,possum_12s.jpg
489,poster,1,4,1,277,poster_12s.jpg
490,pot,1,1,1,53,pot_12s.jpg
491,potato,1,8,1,629,potato_12s.jpg
492,pothole,1,6,1,426,pothole_12n.jpg
493,powder,1,9,1,665,powder_12s.jpg
494,praying_mantis,1,10,1,818,praying_mantis_12s.jpg
495,pretzel,1,5,1,336,pretzel_12s.jpg
496,prism,1,5,1,404,prism_12s.jpg
497,projector,1,3,1,236,projector_12s.jpg
498,puck,1,4,1,253,puck_12s.jpg
499,pudding,1,7,1,559,pudding_12s.jpg
500,pumpkin,1,3,1,230,pumpkin_12s.jpg
501,punch1,1,7,1,543,punch1_12s.jpg
502,punching_bag,1,6,1,474,punching_bag_12s.jpg
503,quill,1,9,1,685,quill_12s.jpg
504,rabbit,1,3,1,177,rabbit_12n.jpg
505,raccoon,1,1,1,71,raccoon_12n.jpg
506,racket,1,9,1,708,racket_12s.jpg
507,radiator,1,1,1,70,radiator_12s.jpg
508,radish,1,6,1,481,radish_12s.jpg
509,raft,1,1,1,72,raft_12s.jpg
510,railing,1,4,1,298,railing_12s.jpg
511,raspberry,1,7,1,527,raspberry_12s.jpg
512,rat,1,1,1,24,rat_12s.jpg
513,rattle,1,4,1,272,rattle_12s.jpg
514,razor,1,6,1,486,razor_12s.jpg
515,ready_meal,1,3,1,205,ready_meal_12s.jpg
516,record,1,10,1,794,record_12s.jpg
517,refrigerator,1,7,1,513,refrigerator_12s.jpg
518,retainer,1,10,1,787,retainer_12s.jpg
519,revolver,1,10,1,753,revolver_12s.jpg
520,rhinoceros,1,7,1,523,rhinoceros_12s.jpg
521,rhubarb,1,5,1,347,rhubarb_12s.jpg
522,ribbon,1,4,1,254,ribbon_12s.jpg
523,rice,1,9,1,699,rice_12s.jpg
524,rifle,1,5,1,393,rifle_12n.jpg
525,ring,1,7,1,525,ring_12s.jpg
526,road_sign,1,1,1,81,road_sign_12s.jpg
527,robot,1,4,1,247,robot_12s.jpg
528,rocking_chair,1,9,1,724,rocking_chair_12s.jpg
529,roll,1,3,1,189,roll_12s.jpg
530,rollerblade,1,6,1,445,rollerblade_12s.jpg
531,roof_rack,1,2,1,138,roof_rack_12s.jpg
532,rug,1,2,1,149,rug_12s.jpg
533,ruler,1,7,1,548,ruler_12s.jpg
534,saddle,1,6,1,475,saddle_12s.jpg
535,saltshaker,1,6,1,468,saltshaker_12s.jpg
536,sandpaper,1,2,1,140,sandpaper_12s.jpg
537,satellite_dish,1,7,1,546,satellite_dish_12s.jpg
538,scaffolding,1,9,1,721,scaffolding_12n.jpg
539,scallion,1,6,1,448,scallion_12s.jpg
540,scanner,1,5,1,407,scanner_12s.jpg
541,scarecrow,1,10,1,762,scarecrow_12s.jpg
542,scissors,1,1,1,63,scissors_12s.jpg
543,scone,1,10,1,744,scone_12s.jpg
544,scoreboard,1,2,1,96,scoreboard_12s.jpg
545,scorpion,1,9,1,667,scorpion_12s.jpg
546,screwdriver,1,6,1,484,screwdriver_12s.jpg
547,sea_urchin,1,5,1,398,sea_urchin_12s.jpg
548,seagull,1,6,1,446,seagull_12s.jpg
549,seesaw,1,4,1,314,seesaw_12s.jpg
550,sewing_kit,1,3,1,214,sewing_kit_12s.jpg
551,shaving_cream,1,7,1,529,shaving_cream_12s.jpg
552,sheep,1,10,1,816,sheep_12s.jpg
553,shell2,1,9,1,679,shell2_12s.jpg
554,shield,1,1,1,56,shield_12s.jpg
555,ship,1,3,1,192,ship_12s.jpg
556,shirt,1,1,1,7,shirt_12s.jpg
557,shoe,1,2,1,99,shoe_12s.jpg
558,shovel,1,1,1,39,shovel_12s.jpg
559,shower,1,9,1,696,shower_12s.jpg
560,shower_cap,1,9,1,714,shower_cap_12s.jpg
561,shredder,1,10,1,759,shredder_12s.jpg
562,shrimp,1,6,1,459,shrimp_12s.jpg
563,sickle,1,10,1,752,sickle_12s.jpg
564,silverware,1,5,1,388,silverware_12s.jpg
565,sim_card,1,10,1,792,sim_card_12s.jpg
566,sink,1,8,1,644,sink_12s.jpg
567,ski_pole,1,10,1,772,ski_pole_12s.jpg
568,skunk,1,7,1,566,skunk_12s.jpg
569,sleeping_bag,1,9,1,670,sleeping_bag_12s.jpg
570,slingshot,1,5,1,375,slingshot_12s.jpg
571,sloth,1,3,1,180,sloth_12s.jpg
572,smoke_alarm,1,8,1,621,smoke_alarm_12s.jpg
573,snail,1,10,1,796,snail_12s.jpg
574,snake,1,1,1,62,snake_12s.jpg
575,snorkel,1,3,1,243,snorkel_12s.jpg
576,snowboard,1,9,1,701,snowboard_12s.jpg
577,snowplow,1,8,1,593,snowplow_12s.jpg
578,sock,1,5,1,377,sock_12s.jpg
579,soda_fountain,1,3,1,229,soda_fountain_12s.jpg
580,solar_panel,1,3,1,199,solar_panel_12s.jpg
581,sombrero,1,2,1,161,sombrero_12s.jpg
582,sonogram,1,5,1,349,sonogram_12s.jpg
583,soy_sauce,1,8,1,591,soy_sauce_12s.jpg
584,space_shuttle,1,8,1,617,space_shuttle_12s.jpg
585,spareribs,1,6,1,433,spareribs_12s.jpg
586,spatula,1,1,1,2,spatula_12s.jpg
587,speaker,1,5,1,344,speaker_12s.jpg
588,spider,1,6,1,436,spider_12n.jpg
589,spinach,1,8,1,655,spinach_12s.jpg
590,spoon,1,3,1,235,spoon_12s.jpg
591,spout,1,6,1,485,spout_12s.jpg
592,sprinkler,1,10,1,769,sprinkler_12s.jpg
593,squeegee,1,1,1,46,squeegee_12n.jpg
594,squirrel,1,5,1,371,squirrel_12n.jpg
595,stair,1,7,1,558,stair_12s.jpg
596,stalagmite,1,5,1,348,stalagmite_12s.jpg
597,stamp2,1,9,1,660,stamp2_12s.jpg
598,stapler,1,1,1,66,stapler_12s.jpg
599,starfish,1,6,1,447,starfish_12s.jpg
600,steak,1,9,1,702,steak_12n.jpg
601,steamroller,1,2,1,91,steamroller_12s.jpg
602,stethoscope,1,7,1,563,stethoscope_12s.jpg
603,stiletto,1,5,1,352,stiletto_12s.jpg
604,stopwatch,1,10,1,760,stopwatch_12s.jpg
605,stove1,1,1,1,21,stove1_12s.jpg
606,strainer,1,2,1,150,strainer_12s.jpg
607,strawberry,1,8,1,610,strawberry_12n.jpg
608,streetlight,1,6,1,437,streetlight_12s.jpg
609,submarine,1,4,1,324,submarine_12s.jpg
610,subway,1,8,1,584,subway_12s.jpg
611,suit,1,2,1,118,suit_12s.jpg
612,sundae,1,4,1,292,sundae_12s.jpg
613,sundial,1,5,1,399,sundial_12s.jpg
614,sunroof,1,1,1,57,sunroof_12s.jpg
615,sushi,1,9,1,713,sushi_12s.jpg
616,suspenders,1,10,1,780,suspenders_12s.jpg
617,sweatsuit,1,1,1,60,sweatsuit_12s.jpg
618,sword,1,4,1,291,sword_12s.jpg
619,syringe,1,2,1,133,syringe_12s.jpg
620,syrup,1,8,1,609,syrup_12s.jpg
621,t-shirt,1,6,1,410,t-shirt_12s.jpg
622,tab,1,10,1,763,tab_12s.jpg
623,table,1,7,1,504,table_12s.jpg
624,tablecloth,1,9,1,730,tablecloth_12s.jpg
625,taco,1,3,1,179,taco_12n.jpg
626,tadpole,1,10,1,813,tadpole_12s.jpg
627,tag,1,10,1,798,tag_12s.jpg
628,taillight,1,9,1,695,taillight_12s.jpg
629,tamale,1,5,1,363,tamale_12s.jpg
630,tarp,1,4,1,302,tarp_12s.jpg
631,tattoo,1,9,1,736,tattoo_12s.jpg
632,teapot,1,1,1,47,teapot_12s.jpg
633,telescope,1,3,1,216,telescope_12s.jpg
634,television,1,2,1,101,television_12s.jpg
635,tent,1,6,1,417,tent_12s.jpg
636,thermometer,1,4,1,282,thermometer_12s.jpg
637,thermos,1,7,1,512,thermos_12s.jpg
638,thermostat,1,6,1,469,thermostat_12s.jpg
639,thimble,1,9,1,678,thimble_12s.jpg
640,thumbtack,1,7,1,537,thumbtack_12s.jpg
641,tiara,1,8,1,647,tiara_12s.jpg
642,tie,1,9,1,717,tie_12s.jpg
643,tiger,1,3,1,181,tiger_12n.jpg
644,tiramisu,1,6,1,478,tiramisu_12s.jpg
645,toast,1,8,1,602,toast_12s.jpg
646,toaster,1,10,1,803,toaster_12s.jpg
647,toilet,1,2,1,136,toilet_12s.jpg
648,toilet_paper,1,4,1,308,toilet_paper_12s.jpg
649,tomato,1,4,1,267,tomato_12s.jpg
650,tongs,1,5,1,368,tongs_12s.jpg
651,tongue,1,4,1,268,tongue_12s.jpg
652,toolbox,1,10,1,781,toolbox_12s.jpg
653,toothpick,1,9,1,712,toothpick_12s.jpg
654,tortilla,1,6,1,466,tortilla_12s.jpg
655,toucan,1,4,1,299,toucan_12s.jpg
656,touchpad,1,7,1,520,touchpad_12s.jpg
657,towel,1,2,1,131,towel_12s.jpg
658,towel_rack,1,2,1,144,towel_rack_12s.jpg
659,tractor,1,7,1,506,tractor_12s.jpg
660,train,1,7,1,532,train_12n.jpg
661,trap,1,2,1,97,trap_12s.jpg
662,trashcan,1,1,1,75,trashcan_12s.jpg
663,tray,1,3,1,226,tray_12s.jpg
664,treadmill,1,1,1,26,treadmill_12n.jpg
665,tree,1,3,1,188,tree_12s.jpg
666,tree_trunk,1,10,1,768,tree_trunk_12s.jpg
667,trowel,1,5,1,340,trowel_12s.jpg
668,truck,1,7,1,554,truck_12s.jpg
669,trumpet,1,3,1,223,trumpet_12s.jpg
670,tumbleweed,1,3,1,194,tumbleweed_12s.jpg
671,turtle,1,6,1,440,turtle_12s.jpg
672,tuxedo,1,5,1,403,tuxedo_12s.jpg
673,tweezers,1,5,1,405,tweezers_12s.jpg
674,typewriter,1,8,1,624,typewriter_12s.jpg
675,ukulele,1,1,1,20,ukulele_12s.jpg
676,umbrella,1,4,1,256,umbrella_12s.jpg
677,undershirt,1,2,1,157,undershirt_12s.jpg
678,uniform,1,6,1,423,uniform_12s.jpg
679,urinal,1,2,1,102,urinal_12s.jpg
680,valve,1,4,1,276,valve_12s.jpg
681,vase,1,5,1,401,vase_12n.jpg
682,velcro,1,6,1,421,velcro_12s.jpg
683,videocassette,1,1,1,16,videocassette_12n.jpg
684,viewfinder,1,4,1,303,viewfinder_12s.jpg
685,violin,1,7,1,538,violin_12n.jpg
686,waffle_iron,1,9,1,663,waffle_iron_12s.jpg
687,walker1,1,5,1,350,walker1_12s.jpg
688,wall,1,10,1,770,wall_12s.jpg
689,wallet,1,4,1,313,wallet_12s.jpg
690,wallpaper,1,2,1,153,wallpaper_12s.jpg
691,walnut,1,2,1,134,walnut_12n.jpg
692,walrus,1,5,1,373,walrus_12s.jpg
693,wand,1,9,1,657,wand_12s.jpg
694,warthog,1,9,1,671,warthog_12s.jpg
695,washboard,1,1,1,43,washboard_12s.jpg
696,wasp,1,8,1,618,wasp_12s.jpg
697,watch,1,3,1,201,watch_12s.jpg
698,water_fountain,1,9,1,675,water_fountain_12s.jpg
699,weasel,1,6,1,458,weasel_12s.jpg
700,whale,1,8,1,650,whale_12s.jpg
701,wheat,1,9,1,656,wheat_12s.jpg
702,wheelbarrow,1,2,1,154,wheelbarrow_12s.jpg
703,wheelchair,1,1,1,15,wheelchair_12n.jpg
704,whip,1,2,1,113,whip_12s.jpg
705,whisk,1,5,1,400,whisk_12s.jpg
706,wig,1,1,1,34,wig_12s.jpg
707,windowsill,1,10,1,812,windowsill_12s.jpg
708,wine,1,2,1,90,wine_12s.jpg
709,wire,1,6,1,457,wire_12s.jpg
710,wire_cutters,1,10,1,740,wire_cutters_12s.jpg
711,wolf,1,7,1,501,wolf_12n.jpg
712,woman,1,3,1,218,woman_12s.jpg
713,wooden_leg,1,2,1,147,wooden_leg_12s.jpg
714,worm,1,4,1,289,worm_12s.jpg
715,wrapping_paper,1,7,1,503,wrapping_paper_12s.jpg
716,wrench,1,5,1,338,wrench_12n.jpg
717,yo-yo,1,2,1,155,yo-yo_12s.jpg
718,zebra,1,10,1,784,zebra_12s.jpg
719,zucchini,1,1,1,31,zucchini_12s.jpg
